CIDR	Start IP	End IP	Subnet Mask	Addresses	Hosts	Wildcard mask
213.133.123.160/28	213.133.123.160	213.133.123.175	255.255.255.240	16	14	0.0.0.15
213.133.123.176/29	213.133.123.176	213.133.123.183	255.255.255.248	8	6	0.0.0.7
213.133.123.184/30	213.133.123.184	213.133.123.187	255.255.255.252	4	2	0.0.0.3
213.133.123.188/31	213.133.123.188	213.133.123.189	255.255.255.254	2	2	0.0.0.1
213.133.123.190/32	213.133.123.190	213.133.123.190	255.255.255.255	1	1	0.0.0.0
213.133.123.191/32	213.133.123.191	213.133.123.191	255.255.255.255	1	1	0.0.0.0
176.9.0.0/17	176.9.0.0	176.9.127.255	255.255.128.0	32768	32766	0.0.127.255
176.9.128.0/18	176.9.128.0	176.9.191.255	255.255.192.0	16384	16382	0.0.63.255
176.9.192.0/19	176.9.192.0	176.9.223.255	255.255.224.0	8192	8190	0.0.31.255
176.9.224.0/20	176.9.224.0	176.9.239.255	255.255.240.0	4096	4094	0.0.15.255
176.9.240.0/21	176.9.240.0	176.9.247.255	255.255.248.0	2048	2046	0.0.7.255
176.9.248.0/22	176.9.248.0	176.9.251.255	255.255.252.0	1024	1022	0.0.3.255
176.9.252.0/23	176.9.252.0	176.9.253.255	255.255.254.0	512	510	0.0.1.255
176.9.254.0/24	176.9.254.0	176.9.254.255	255.255.255.0	256	254	0.0.0.255
176.9.255.0/25	176.9.255.0	176.9.255.127	255.255.255.128	128	126	0.0.0.127
176.9.255.128/26	176.9.255.128	176.9.255.191	255.255.255.192	64	62	0.0.0.63
176.9.255.192/27	176.9.255.192	176.9.255.223	255.255.255.224	32	30	0.0.0.31
176.9.255.224/28	176.9.255.224	176.9.255.239	255.255.255.240	16	14	0.0.0.15
176.9.255.240/29	176.9.255.240	176.9.255.247	255.255.255.248	8	6	0.0.0.7
176.9.255.248/30	176.9.255.248	176.9.255.251	255.255.255.252	4	2	0.0.0.3
176.9.255.252/31	176.9.255.252	176.9.255.253	255.255.255.254	2	2	0.0.0.1
176.9.255.254/32	176.9.255.254	176.9.255.254	255.255.255.255	1	1	0.0.0.0
176.9.255.255/32	176.9.255.255	176.9.255.255	255.255.255.255	1	1	0.0.0.0
88.99.174.64/28	88.99.174.64	88.99.174.79	255.255.255.240	16	14	0.0.0.15
88.99.174.80/29	88.99.174.80	88.99.174.87	255.255.255.248	8	6	0.0.0.7
88.99.174.88/30	88.99.174.88	88.99.174.91	255.255.255.252	4	2	0.0.0.3
88.99.174.92/31	88.99.174.92	88.99.174.93	255.255.255.254	2	2	0.0.0.1
88.99.174.94/32	88.99.174.94	88.99.174.94	255.255.255.255	1	1	0.0.0.0
88.99.174.95/32	88.99.174.95	88.99.174.95	255.255.255.255	1	1	0.0.0.0
46.4.0.0/17	46.4.0.0	46.4.127.255	255.255.128.0	32768	32766	0.0.127.255
46.4.128.0/18	46.4.128.0	46.4.191.255	255.255.192.0	16384	16382	0.0.63.255
46.4.192.0/19	46.4.192.0	46.4.223.255	255.255.224.0	8192	8190	0.0.31.255
46.4.224.0/20	46.4.224.0	46.4.239.255	255.255.240.0	4096	4094	0.0.15.255
46.4.240.0/21	46.4.240.0	46.4.247.255	255.255.248.0	2048	2046	0.0.7.255
46.4.248.0/22	46.4.248.0	46.4.251.255	255.255.252.0	1024	1022	0.0.3.255
46.4.252.0/23	46.4.252.0	46.4.253.255	255.255.254.0	512	510	0.0.1.255
46.4.254.0/24	46.4.254.0	46.4.254.255	255.255.255.0	256	254	0.0.0.255
46.4.255.0/25	46.4.255.0	46.4.255.127	255.255.255.128	128	126	0.0.0.127
46.4.255.128/26	46.4.255.128	46.4.255.191	255.255.255.192	64	62	0.0.0.63
46.4.255.192/27	46.4.255.192	46.4.255.223	255.255.255.224	32	30	0.0.0.31
46.4.255.224/28	46.4.255.224	46.4.255.239	255.255.255.240	16	14	0.0.0.15
46.4.255.240/29	46.4.255.240	46.4.255.247	255.255.255.248	8	6	0.0.0.7
46.4.255.248/30	46.4.255.248	46.4.255.251	255.255.255.252	4	2	0.0.0.3
46.4.255.252/31	46.4.255.252	46.4.255.253	255.255.255.254	2	2	0.0.0.1
46.4.255.254/32	46.4.255.254	46.4.255.254	255.255.255.255	1	1	0.0.0.0
46.4.255.255/32	46.4.255.255	46.4.255.255	255.255.255.255	1	1	0.0.0.0
88.99.174.96/28	88.99.174.96	88.99.174.111	255.255.255.240	16	14	0.0.0.15
88.99.174.112/29	88.99.174.112	88.99.174.119	255.255.255.248	8	6	0.0.0.7
88.99.174.120/30	88.99.174.120	88.99.174.123	255.255.255.252	4	2	0.0.0.3
88.99.174.124/31	88.99.174.124	88.99.174.125	255.255.255.254	2	2	0.0.0.1
88.99.174.126/32	88.99.174.126	88.99.174.126	255.255.255.255	1	1	0.0.0.0
88.99.174.127/32	88.99.174.127	88.99.174.127	255.255.255.255	1	1	0.0.0.0
88.99.0.0/17	88.99.0.0	88.99.127.255	255.255.128.0	32768	32766	0.0.127.255
88.99.128.0/18	88.99.128.0	88.99.191.255	255.255.192.0	16384	16382	0.0.63.255
88.99.192.0/19	88.99.192.0	88.99.223.255	255.255.224.0	8192	8190	0.0.31.255
88.99.224.0/20	88.99.224.0	88.99.239.255	255.255.240.0	4096	4094	0.0.15.255
88.99.240.0/21	88.99.240.0	88.99.247.255	255.255.248.0	2048	2046	0.0.7.255
88.99.248.0/22	88.99.248.0	88.99.251.255	255.255.252.0	1024	1022	0.0.3.255
88.99.252.0/23	88.99.252.0	88.99.253.255	255.255.254.0	512	510	0.0.1.255
88.99.254.0/24	88.99.254.0	88.99.254.255	255.255.255.0	256	254	0.0.0.255
88.99.255.0/25	88.99.255.0	88.99.255.127	255.255.255.128	128	126	0.0.0.127
88.99.255.128/26	88.99.255.128	88.99.255.191	255.255.255.192	64	62	0.0.0.63
88.99.255.192/27	88.99.255.192	88.99.255.223	255.255.255.224	32	30	0.0.0.31
88.99.255.224/28	88.99.255.224	88.99.255.239	255.255.255.240	16	14	0.0.0.15
88.99.255.240/29	88.99.255.240	88.99.255.247	255.255.255.248	8	6	0.0.0.7
88.99.255.248/30	88.99.255.248	88.99.255.251	255.255.255.252	4	2	0.0.0.3
88.99.255.252/31	88.99.255.252	88.99.255.253	255.255.255.254	2	2	0.0.0.1
88.99.255.254/32	88.99.255.254	88.99.255.254	255.255.255.255	1	1	0.0.0.0
88.99.255.255/32	88.99.255.255	88.99.255.255	255.255.255.255	1	1	0.0.0.0
94.130.0.0/17	94.130.0.0	94.130.127.255	255.255.128.0	32768	32766	0.0.127.255
94.130.128.0/18	94.130.128.0	94.130.191.255	255.255.192.0	16384	16382	0.0.63.255
94.130.192.0/19	94.130.192.0	94.130.223.255	255.255.224.0	8192	8190	0.0.31.255
94.130.224.0/20	94.130.224.0	94.130.239.255	255.255.240.0	4096	4094	0.0.15.255
94.130.240.0/21	94.130.240.0	94.130.247.255	255.255.248.0	2048	2046	0.0.7.255
94.130.248.0/22	94.130.248.0	94.130.251.255	255.255.252.0	1024	1022	0.0.3.255
94.130.252.0/23	94.130.252.0	94.130.253.255	255.255.254.0	512	510	0.0.1.255
94.130.254.0/24	94.130.254.0	94.130.254.255	255.255.255.0	256	254	0.0.0.255
94.130.255.0/25	94.130.255.0	94.130.255.127	255.255.255.128	128	126	0.0.0.127
94.130.255.128/26	94.130.255.128	94.130.255.191	255.255.255.192	64	62	0.0.0.63
94.130.255.192/27	94.130.255.192	94.130.255.223	255.255.255.224	32	30	0.0.0.31
94.130.255.224/28	94.130.255.224	94.130.255.239	255.255.255.240	16	14	0.0.0.15
94.130.255.240/29	94.130.255.240	94.130.255.247	255.255.255.248	8	6	0.0.0.7
94.130.255.248/30	94.130.255.248	94.130.255.251	255.255.255.252	4	2	0.0.0.3
94.130.255.252/31	94.130.255.252	94.130.255.253	255.255.255.254	2	2	0.0.0.1
94.130.255.254/32	94.130.255.254	94.130.255.254	255.255.255.255	1	1	0.0.0.0
94.130.255.255/32	94.130.255.255	94.130.255.255	255.255.255.255	1	1	0.0.0.0
138.201.0.0/17	138.201.0.0	138.201.127.255	255.255.128.0	32768	32766	0.0.127.255
138.201.128.0/18	138.201.128.0	138.201.191.255	255.255.192.0	16384	16382	0.0.63.255
138.201.192.0/19	138.201.192.0	138.201.223.255	255.255.224.0	8192	8190	0.0.31.255
138.201.224.0/20	138.201.224.0	138.201.239.255	255.255.240.0	4096	4094	0.0.15.255
138.201.240.0/21	138.201.240.0	138.201.247.255	255.255.248.0	2048	2046	0.0.7.255
138.201.248.0/22	138.201.248.0	138.201.251.255	255.255.252.0	1024	1022	0.0.3.255
138.201.252.0/23	138.201.252.0	138.201.253.255	255.255.254.0	512	510	0.0.1.255
138.201.254.0/24	138.201.254.0	138.201.254.255	255.255.255.0	256	254	0.0.0.255
138.201.255.0/25	138.201.255.0	138.201.255.127	255.255.255.128	128	126	0.0.0.127
138.201.255.128/26	138.201.255.128	138.201.255.191	255.255.255.192	64	62	0.0.0.63
138.201.255.192/27	138.201.255.192	138.201.255.223	255.255.255.224	32	30	0.0.0.31
138.201.255.224/28	138.201.255.224	138.201.255.239	255.255.255.240	16	14	0.0.0.15
138.201.255.240/29	138.201.255.240	138.201.255.247	255.255.255.248	8	6	0.0.0.7
138.201.255.248/30	138.201.255.248	138.201.255.251	255.255.255.252	4	2	0.0.0.3
138.201.255.252/31	138.201.255.252	138.201.255.253	255.255.255.254	2	2	0.0.0.1
138.201.255.254/32	138.201.255.254	138.201.255.254	255.255.255.255	1	1	0.0.0.0
138.201.255.255/32	138.201.255.255	138.201.255.255	255.255.255.255	1	1	0.0.0.0
95.216.0.0/16	95.216.0.0	95.216.255.255	255.255.0.0	65536	65534	0.0.255.255
95.217.0.0/17	95.217.0.0	95.217.127.255	255.255.128.0	32768	32766	0.0.127.255
95.217.128.0/18	95.217.128.0	95.217.191.255	255.255.192.0	16384	16382	0.0.63.255
95.217.192.0/19	95.217.192.0	95.217.223.255	255.255.224.0	8192	8190	0.0.31.255
95.217.224.0/20	95.217.224.0	95.217.239.255	255.255.240.0	4096	4094	0.0.15.255
95.217.240.0/21	95.217.240.0	95.217.247.255	255.255.248.0	2048	2046	0.0.7.255
95.217.248.0/22	95.217.248.0	95.217.251.255	255.255.252.0	1024	1022	0.0.3.255
95.217.252.0/23	95.217.252.0	95.217.253.255	255.255.254.0	512	510	0.0.1.255
95.217.254.0/24	95.217.254.0	95.217.254.255	255.255.255.0	256	254	0.0.0.255
95.217.255.0/25	95.217.255.0	95.217.255.127	255.255.255.128	128	126	0.0.0.127
95.217.255.128/26	95.217.255.128	95.217.255.191	255.255.255.192	64	62	0.0.0.63
95.217.255.192/27	95.217.255.192	95.217.255.223	255.255.255.224	32	30	0.0.0.31
95.217.255.224/28	95.217.255.224	95.217.255.239	255.255.255.240	16	14	0.0.0.15
95.217.255.240/29	95.217.255.240	95.217.255.247	255.255.255.248	8	6	0.0.0.7
95.217.255.248/30	95.217.255.248	95.217.255.251	255.255.255.252	4	2	0.0.0.3
95.217.255.252/31	95.217.255.252	95.217.255.253	255.255.255.254	2	2	0.0.0.1
95.217.255.254/32	95.217.255.254	95.217.255.254	255.255.255.255	1	1	0.0.0.0
95.217.255.255/32	95.217.255.255	95.217.255.255	255.255.255.255	1	1	0.0.0.0
88.198.0.0/17	88.198.0.0	88.198.127.255	255.255.128.0	32768	32766	0.0.127.255
88.198.128.0/18	88.198.128.0	88.198.191.255	255.255.192.0	16384	16382	0.0.63.255
88.198.192.0/19	88.198.192.0	88.198.223.255	255.255.224.0	8192	8190	0.0.31.255
88.198.224.0/20	88.198.224.0	88.198.239.255	255.255.240.0	4096	4094	0.0.15.255
88.198.240.0/21	88.198.240.0	88.198.247.255	255.255.248.0	2048	2046	0.0.7.255
88.198.248.0/22	88.198.248.0	88.198.251.255	255.255.252.0	1024	1022	0.0.3.255
88.198.252.0/23	88.198.252.0	88.198.253.255	255.255.254.0	512	510	0.0.1.255
88.198.254.0/24	88.198.254.0	88.198.254.255	255.255.255.0	256	254	0.0.0.255
88.198.255.0/25	88.198.255.0	88.198.255.127	255.255.255.128	128	126	0.0.0.127
88.198.255.128/26	88.198.255.128	88.198.255.191	255.255.255.192	64	62	0.0.0.63
88.198.255.192/27	88.198.255.192	88.198.255.223	255.255.255.224	32	30	0.0.0.31
88.198.255.224/28	88.198.255.224	88.198.255.239	255.255.255.240	16	14	0.0.0.15
88.198.255.240/29	88.198.255.240	88.198.255.247	255.255.255.248	8	6	0.0.0.7
88.198.255.248/30	88.198.255.248	88.198.255.251	255.255.255.252	4	2	0.0.0.3
88.198.255.252/31	88.198.255.252	88.198.255.253	255.255.255.254	2	2	0.0.0.1
88.198.255.254/32	88.198.255.254	88.198.255.254	255.255.255.255	1	1	0.0.0.0
88.198.255.255/32	88.198.255.255	88.198.255.255	255.255.255.255	1	1	0.0.0.0
148.251.0.0/17	148.251.0.0	148.251.127.255	255.255.128.0	32768	32766	0.0.127.255
148.251.128.0/18	148.251.128.0	148.251.191.255	255.255.192.0	16384	16382	0.0.63.255
148.251.192.0/19	148.251.192.0	148.251.223.255	255.255.224.0	8192	8190	0.0.31.255
148.251.224.0/20	148.251.224.0	148.251.239.255	255.255.240.0	4096	4094	0.0.15.255
148.251.240.0/21	148.251.240.0	148.251.247.255	255.255.248.0	2048	2046	0.0.7.255
148.251.248.0/22	148.251.248.0	148.251.251.255	255.255.252.0	1024	1022	0.0.3.255
148.251.252.0/23	148.251.252.0	148.251.253.255	255.255.254.0	512	510	0.0.1.255
148.251.254.0/24	148.251.254.0	148.251.254.255	255.255.255.0	256	254	0.0.0.255
148.251.255.0/25	148.251.255.0	148.251.255.127	255.255.255.128	128	126	0.0.0.127
148.251.255.128/26	148.251.255.128	148.251.255.191	255.255.255.192	64	62	0.0.0.63
148.251.255.192/27	148.251.255.192	148.251.255.223	255.255.255.224	32	30	0.0.0.31
148.251.255.224/28	148.251.255.224	148.251.255.239	255.255.255.240	16	14	0.0.0.15
148.251.255.240/29	148.251.255.240	148.251.255.247	255.255.255.248	8	6	0.0.0.7
148.251.255.248/30	148.251.255.248	148.251.255.251	255.255.255.252	4	2	0.0.0.3
148.251.255.252/31	148.251.255.252	148.251.255.253	255.255.255.254	2	2	0.0.0.1
148.251.255.254/32	148.251.255.254	148.251.255.254	255.255.255.255	1	1	0.0.0.0
148.251.255.255/32	148.251.255.255	148.251.255.255	255.255.255.255	1	1	0.0.0.0
178.63.0.0/17	178.63.0.0	178.63.127.255	255.255.128.0	32768	32766	0.0.127.255
178.63.128.0/18	178.63.128.0	178.63.191.255	255.255.192.0	16384	16382	0.0.63.255
178.63.192.0/19	178.63.192.0	178.63.223.255	255.255.224.0	8192	8190	0.0.31.255
178.63.224.0/20	178.63.224.0	178.63.239.255	255.255.240.0	4096	4094	0.0.15.255
178.63.240.0/21	178.63.240.0	178.63.247.255	255.255.248.0	2048	2046	0.0.7.255
178.63.248.0/22	178.63.248.0	178.63.251.255	255.255.252.0	1024	1022	0.0.3.255
178.63.252.0/23	178.63.252.0	178.63.253.255	255.255.254.0	512	510	0.0.1.255
178.63.254.0/24	178.63.254.0	178.63.254.255	255.255.255.0	256	254	0.0.0.255
178.63.255.0/25	178.63.255.0	178.63.255.127	255.255.255.128	128	126	0.0.0.127
178.63.255.128/26	178.63.255.128	178.63.255.191	255.255.255.192	64	62	0.0.0.63
178.63.255.192/27	178.63.255.192	178.63.255.223	255.255.255.224	32	30	0.0.0.31
178.63.255.224/28	178.63.255.224	178.63.255.239	255.255.255.240	16	14	0.0.0.15
178.63.255.240/29	178.63.255.240	178.63.255.247	255.255.255.248	8	6	0.0.0.7
178.63.255.248/30	178.63.255.248	178.63.255.251	255.255.255.252	4	2	0.0.0.3
178.63.255.252/31	178.63.255.252	178.63.255.253	255.255.255.254	2	2	0.0.0.1
178.63.255.254/32	178.63.255.254	178.63.255.254	255.255.255.255	1	1	0.0.0.0
178.63.255.255/32	178.63.255.255	178.63.255.255	255.255.255.255	1	1	0.0.0.0
188.40.0.0/17	188.40.0.0	188.40.127.255	255.255.128.0	32768	32766	0.0.127.255
188.40.128.0/18	188.40.128.0	188.40.191.255	255.255.192.0	16384	16382	0.0.63.255
188.40.192.0/19	188.40.192.0	188.40.223.255	255.255.224.0	8192	8190	0.0.31.255
188.40.224.0/20	188.40.224.0	188.40.239.255	255.255.240.0	4096	4094	0.0.15.255
188.40.240.0/21	188.40.240.0	188.40.247.255	255.255.248.0	2048	2046	0.0.7.255
188.40.248.0/22	188.40.248.0	188.40.251.255	255.255.252.0	1024	1022	0.0.3.255
188.40.252.0/23	188.40.252.0	188.40.253.255	255.255.254.0	512	510	0.0.1.255
188.40.254.0/24	188.40.254.0	188.40.254.255	255.255.255.0	256	254	0.0.0.255
188.40.255.0/25	188.40.255.0	188.40.255.127	255.255.255.128	128	126	0.0.0.127
188.40.255.128/26	188.40.255.128	188.40.255.191	255.255.255.192	64	62	0.0.0.63
188.40.255.192/27	188.40.255.192	188.40.255.223	255.255.255.224	32	30	0.0.0.31
188.40.255.224/28	188.40.255.224	188.40.255.239	255.255.255.240	16	14	0.0.0.15
188.40.255.240/29	188.40.255.240	188.40.255.247	255.255.255.248	8	6	0.0.0.7
188.40.255.248/30	188.40.255.248	188.40.255.251	255.255.255.252	4	2	0.0.0.3
188.40.255.252/31	188.40.255.252	188.40.255.253	255.255.255.254	2	2	0.0.0.1
188.40.255.254/32	188.40.255.254	188.40.255.254	255.255.255.255	1	1	0.0.0.0
188.40.255.255/32	188.40.255.255	188.40.255.255	255.255.255.255	1	1	0.0.0.0
78.46.0.0/16	78.46.0.0	78.46.255.255	255.255.0.0	65536	65534	0.0.255.255
78.47.0.0/17	78.47.0.0	78.47.127.255	255.255.128.0	32768	32766	0.0.127.255
78.47.128.0/18	78.47.128.0	78.47.191.255	255.255.192.0	16384	16382	0.0.63.255
78.47.192.0/19	78.47.192.0	78.47.223.255	255.255.224.0	8192	8190	0.0.31.255
78.47.224.0/20	78.47.224.0	78.47.239.255	255.255.240.0	4096	4094	0.0.15.255
78.47.240.0/21	78.47.240.0	78.47.247.255	255.255.248.0	2048	2046	0.0.7.255
78.47.248.0/22	78.47.248.0	78.47.251.255	255.255.252.0	1024	1022	0.0.3.255
78.47.252.0/23	78.47.252.0	78.47.253.255	255.255.254.0	512	510	0.0.1.255
78.47.254.0/24	78.47.254.0	78.47.254.255	255.255.255.0	256	254	0.0.0.255
78.47.255.0/25	78.47.255.0	78.47.255.127	255.255.255.128	128	126	0.0.0.127
78.47.255.128/26	78.47.255.128	78.47.255.191	255.255.255.192	64	62	0.0.0.63
78.47.255.192/27	78.47.255.192	78.47.255.223	255.255.255.224	32	30	0.0.0.31
78.47.255.224/28	78.47.255.224	78.47.255.239	255.255.255.240	16	14	0.0.0.15
78.47.255.240/29	78.47.255.240	78.47.255.247	255.255.255.248	8	6	0.0.0.7
78.47.255.248/30	78.47.255.248	78.47.255.251	255.255.255.252	4	2	0.0.0.3
78.47.255.252/31	78.47.255.252	78.47.255.253	255.255.255.254	2	2	0.0.0.1
78.47.255.254/32	78.47.255.254	78.47.255.254	255.255.255.255	1	1	0.0.0.0
78.47.255.255/32	78.47.255.255	78.47.255.255	255.255.255.255	1	1	0.0.0.0
167.233.0.0/17	167.233.0.0	167.233.127.255	255.255.128.0	32768	32766	0.0.127.255
167.233.128.0/18	167.233.128.0	167.233.191.255	255.255.192.0	16384	16382	0.0.63.255
167.233.192.0/19	167.233.192.0	167.233.223.255	255.255.224.0	8192	8190	0.0.31.255
167.233.224.0/20	167.233.224.0	167.233.239.255	255.255.240.0	4096	4094	0.0.15.255
167.233.240.0/21	167.233.240.0	167.233.247.255	255.255.248.0	2048	2046	0.0.7.255
167.233.248.0/22	167.233.248.0	167.233.251.255	255.255.252.0	1024	1022	0.0.3.255
167.233.252.0/23	167.233.252.0	167.233.253.255	255.255.254.0	512	510	0.0.1.255
167.233.254.0/24	167.233.254.0	167.233.254.255	255.255.255.0	256	254	0.0.0.255
167.233.255.0/25	167.233.255.0	167.233.255.127	255.255.255.128	128	126	0.0.0.127
167.233.255.128/26	167.233.255.128	167.233.255.191	255.255.255.192	64	62	0.0.0.63
167.233.255.192/27	167.233.255.192	167.233.255.223	255.255.255.224	32	30	0.0.0.31
167.233.255.224/28	167.233.255.224	167.233.255.239	255.255.255.240	16	14	0.0.0.15
167.233.255.240/29	167.233.255.240	167.233.255.247	255.255.255.248	8	6	0.0.0.7
167.233.255.248/30	167.233.255.248	167.233.255.251	255.255.255.252	4	2	0.0.0.3
167.233.255.252/31	167.233.255.252	167.233.255.253	255.255.255.254	2	2	0.0.0.1
167.233.255.254/32	167.233.255.254	167.233.255.254	255.255.255.255	1	1	0.0.0.0
167.233.255.255/32	167.233.255.255	167.233.255.255	255.255.255.255	1	1	0.0.0.0
5.9.0.0/17	5.9.0.0	5.9.127.255	255.255.128.0	32768	32766	0.0.127.255
5.9.128.0/18	5.9.128.0	5.9.191.255	255.255.192.0	16384	16382	0.0.63.255
5.9.192.0/19	5.9.192.0	5.9.223.255	255.255.224.0	8192	8190	0.0.31.255
5.9.224.0/20	5.9.224.0	5.9.239.255	255.255.240.0	4096	4094	0.0.15.255
5.9.240.0/21	5.9.240.0	5.9.247.255	255.255.248.0	2048	2046	0.0.7.255
5.9.248.0/22	5.9.248.0	5.9.251.255	255.255.252.0	1024	1022	0.0.3.255
5.9.252.0/23	5.9.252.0	5.9.253.255	255.255.254.0	512	510	0.0.1.255
5.9.254.0/24	5.9.254.0	5.9.254.255	255.255.255.0	256	254	0.0.0.255
5.9.255.0/25	5.9.255.0	5.9.255.127	255.255.255.128	128	126	0.0.0.127
5.9.255.128/26	5.9.255.128	5.9.255.191	255.255.255.192	64	62	0.0.0.63
5.9.255.192/27	5.9.255.192	5.9.255.223	255.255.255.224	32	30	0.0.0.31
5.9.255.224/28	5.9.255.224	5.9.255.239	255.255.255.240	16	14	0.0.0.15
5.9.255.240/29	5.9.255.240	5.9.255.247	255.255.255.248	8	6	0.0.0.7
5.9.255.248/30	5.9.255.248	5.9.255.251	255.255.255.252	4	2	0.0.0.3
5.9.255.252/31	5.9.255.252	5.9.255.253	255.255.255.254	2	2	0.0.0.1
5.9.255.254/32	5.9.255.254	5.9.255.254	255.255.255.255	1	1	0.0.0.0
5.9.255.255/32	5.9.255.255	5.9.255.255	255.255.255.255	1	1	0.0.0.0
188.34.128.0/18	188.34.128.0	188.34.191.255	255.255.192.0	16384	16382	0.0.63.255
188.34.192.0/19	188.34.192.0	188.34.223.255	255.255.224.0	8192	8190	0.0.31.255
188.34.224.0/20	188.34.224.0	188.34.239.255	255.255.240.0	4096	4094	0.0.15.255
188.34.240.0/21	188.34.240.0	188.34.247.255	255.255.248.0	2048	2046	0.0.7.255
188.34.248.0/22	188.34.248.0	188.34.251.255	255.255.252.0	1024	1022	0.0.3.255
188.34.252.0/23	188.34.252.0	188.34.253.255	255.255.254.0	512	510	0.0.1.255
188.34.254.0/24	188.34.254.0	188.34.254.255	255.255.255.0	256	254	0.0.0.255
188.34.255.0/25	188.34.255.0	188.34.255.127	255.255.255.128	128	126	0.0.0.127
188.34.255.128/26	188.34.255.128	188.34.255.191	255.255.255.192	64	62	0.0.0.63
188.34.255.192/27	188.34.255.192	188.34.255.223	255.255.255.224	32	30	0.0.0.31
188.34.255.224/28	188.34.255.224	188.34.255.239	255.255.255.240	16	14	0.0.0.15
188.34.255.240/29	188.34.255.240	188.34.255.247	255.255.255.248	8	6	0.0.0.7
188.34.255.248/30	188.34.255.248	188.34.255.251	255.255.255.252	4	2	0.0.0.3
188.34.255.252/31	188.34.255.252	188.34.255.253	255.255.255.254	2	2	0.0.0.1
188.34.255.254/32	188.34.255.254	188.34.255.254	255.255.255.255	1	1	0.0.0.0
188.34.255.255/32	188.34.255.255	188.34.255.255	255.255.255.255	1	1	0.0.0.0
159.69.0.0/17	159.69.0.0	159.69.127.255	255.255.128.0	32768	32766	0.0.127.255
159.69.128.0/18	159.69.128.0	159.69.191.255	255.255.192.0	16384	16382	0.0.63.255
159.69.192.0/19	159.69.192.0	159.69.223.255	255.255.224.0	8192	8190	0.0.31.255
159.69.224.0/20	159.69.224.0	159.69.239.255	255.255.240.0	4096	4094	0.0.15.255
159.69.240.0/21	159.69.240.0	159.69.247.255	255.255.248.0	2048	2046	0.0.7.255
159.69.248.0/22	159.69.248.0	159.69.251.255	255.255.252.0	1024	1022	0.0.3.255
159.69.252.0/23	159.69.252.0	159.69.253.255	255.255.254.0	512	510	0.0.1.255
159.69.254.0/24	159.69.254.0	159.69.254.255	255.255.255.0	256	254	0.0.0.255
159.69.255.0/25	159.69.255.0	159.69.255.127	255.255.255.128	128	126	0.0.0.127
159.69.255.128/26	159.69.255.128	159.69.255.191	255.255.255.192	64	62	0.0.0.63
159.69.255.192/27	159.69.255.192	159.69.255.223	255.255.255.224	32	30	0.0.0.31
159.69.255.224/28	159.69.255.224	159.69.255.239	255.255.255.240	16	14	0.0.0.15
159.69.255.240/29	159.69.255.240	159.69.255.247	255.255.255.248	8	6	0.0.0.7
159.69.255.248/30	159.69.255.248	159.69.255.251	255.255.255.252	4	2	0.0.0.3
159.69.255.252/31	159.69.255.252	159.69.255.253	255.255.255.254	2	2	0.0.0.1
159.69.255.254/32	159.69.255.254	159.69.255.254	255.255.255.255	1	1	0.0.0.0
159.69.255.255/32	159.69.255.255	159.69.255.255	255.255.255.255	1	1	0.0.0.0
116.202.0.0/16	116.202.0.0	116.202.255.255	255.255.0.0	65536	65534	0.0.255.255
116.203.0.0/17	116.203.0.0	116.203.127.255	255.255.128.0	32768	32766	0.0.127.255
116.203.128.0/18	116.203.128.0	116.203.191.255	255.255.192.0	16384	16382	0.0.63.255
116.203.192.0/19	116.203.192.0	116.203.223.255	255.255.224.0	8192	8190	0.0.31.255
116.203.224.0/20	116.203.224.0	116.203.239.255	255.255.240.0	4096	4094	0.0.15.255
116.203.240.0/21	116.203.240.0	116.203.247.255	255.255.248.0	2048	2046	0.0.7.255
116.203.248.0/22	116.203.248.0	116.203.251.255	255.255.252.0	1024	1022	0.0.3.255
116.203.252.0/23	116.203.252.0	116.203.253.255	255.255.254.0	512	510	0.0.1.255
116.203.254.0/24	116.203.254.0	116.203.254.255	255.255.255.0	256	254	0.0.0.255
116.203.255.0/25	116.203.255.0	116.203.255.127	255.255.255.128	128	126	0.0.0.127
116.203.255.128/26	116.203.255.128	116.203.255.191	255.255.255.192	64	62	0.0.0.63
116.203.255.192/27	116.203.255.192	116.203.255.223	255.255.255.224	32	30	0.0.0.31
116.203.255.224/28	116.203.255.224	116.203.255.239	255.255.255.240	16	14	0.0.0.15
116.203.255.240/29	116.203.255.240	116.203.255.247	255.255.255.248	8	6	0.0.0.7
116.203.255.248/30	116.203.255.248	116.203.255.251	255.255.255.252	4	2	0.0.0.3
116.203.255.252/31	116.203.255.252	116.203.255.253	255.255.255.254	2	2	0.0.0.1
116.203.255.254/32	116.203.255.254	116.203.255.254	255.255.255.255	1	1	0.0.0.0
116.203.255.255/32	116.203.255.255	116.203.255.255	255.255.255.255	1	1	0.0.0.0
168.119.0.0/17	168.119.0.0	168.119.127.255	255.255.128.0	32768	32766	0.0.127.255
168.119.128.0/18	168.119.128.0	168.119.191.255	255.255.192.0	16384	16382	0.0.63.255
168.119.192.0/19	168.119.192.0	168.119.223.255	255.255.224.0	8192	8190	0.0.31.255
168.119.224.0/20	168.119.224.0	168.119.239.255	255.255.240.0	4096	4094	0.0.15.255
168.119.240.0/21	168.119.240.0	168.119.247.255	255.255.248.0	2048	2046	0.0.7.255
168.119.248.0/22	168.119.248.0	168.119.251.255	255.255.252.0	1024	1022	0.0.3.255
168.119.252.0/23	168.119.252.0	168.119.253.255	255.255.254.0	512	510	0.0.1.255
168.119.254.0/24	168.119.254.0	168.119.254.255	255.255.255.0	256	254	0.0.0.255
168.119.255.0/25	168.119.255.0	168.119.255.127	255.255.255.128	128	126	0.0.0.127
168.119.255.128/26	168.119.255.128	168.119.255.191	255.255.255.192	64	62	0.0.0.63
168.119.255.192/27	168.119.255.192	168.119.255.223	255.255.255.224	32	30	0.0.0.31
168.119.255.224/28	168.119.255.224	168.119.255.239	255.255.255.240	16	14	0.0.0.15
168.119.255.240/29	168.119.255.240	168.119.255.247	255.255.255.248	8	6	0.0.0.7
168.119.255.248/30	168.119.255.248	168.119.255.251	255.255.255.252	4	2	0.0.0.3
168.119.255.252/31	168.119.255.252	168.119.255.253	255.255.255.254	2	2	0.0.0.1
168.119.255.254/32	168.119.255.254	168.119.255.254	255.255.255.255	1	1	0.0.0.0
168.119.255.255/32	168.119.255.255	168.119.255.255	255.255.255.255	1	1	0.0.0.0
195.201.0.0/17	195.201.0.0	195.201.127.255	255.255.128.0	32768	32766	0.0.127.255
195.201.128.0/18	195.201.128.0	195.201.191.255	255.255.192.0	16384	16382	0.0.63.255
195.201.192.0/19	195.201.192.0	195.201.223.255	255.255.224.0	8192	8190	0.0.31.255
195.201.224.0/20	195.201.224.0	195.201.239.255	255.255.240.0	4096	4094	0.0.15.255
195.201.240.0/21	195.201.240.0	195.201.247.255	255.255.248.0	2048	2046	0.0.7.255
195.201.248.0/22	195.201.248.0	195.201.251.255	255.255.252.0	1024	1022	0.0.3.255
195.201.252.0/23	195.201.252.0	195.201.253.255	255.255.254.0	512	510	0.0.1.255
195.201.254.0/24	195.201.254.0	195.201.254.255	255.255.255.0	256	254	0.0.0.255
195.201.255.0/25	195.201.255.0	195.201.255.127	255.255.255.128	128	126	0.0.0.127
195.201.255.128/26	195.201.255.128	195.201.255.191	255.255.255.192	64	62	0.0.0.63
195.201.255.192/27	195.201.255.192	195.201.255.223	255.255.255.224	32	30	0.0.0.31
195.201.255.224/28	195.201.255.224	195.201.255.239	255.255.255.240	16	14	0.0.0.15
195.201.255.240/29	195.201.255.240	195.201.255.247	255.255.255.248	8	6	0.0.0.7
195.201.255.248/30	195.201.255.248	195.201.255.251	255.255.255.252	4	2	0.0.0.3
195.201.255.252/31	195.201.255.252	195.201.255.253	255.255.255.254	2	2	0.0.0.1
195.201.255.254/32	195.201.255.254	195.201.255.254	255.255.255.255	1	1	0.0.0.0
195.201.255.255/32	195.201.255.255	195.201.255.255	255.255.255.255	1	1	0.0.0.0
89.167.0.0/18	89.167.0.0	89.167.63.255	255.255.192.0	16384	16382	0.0.63.255
89.167.64.0/19	89.167.64.0	89.167.95.255	255.255.224.0	8192	8190	0.0.31.255
89.167.96.0/20	89.167.96.0	89.167.111.255	255.255.240.0	4096	4094	0.0.15.255
89.167.112.0/21	89.167.112.0	89.167.119.255	255.255.248.0	2048	2046	0.0.7.255
89.167.120.0/22	89.167.120.0	89.167.123.255	255.255.252.0	1024	1022	0.0.3.255
89.167.124.0/23	89.167.124.0	89.167.125.255	255.255.254.0	512	510	0.0.1.255
89.167.126.0/24	89.167.126.0	89.167.126.255	255.255.255.0	256	254	0.0.0.255
89.167.127.0/25	89.167.127.0	89.167.127.127	255.255.255.128	128	126	0.0.0.127
89.167.127.128/26	89.167.127.128	89.167.127.191	255.255.255.192	64	62	0.0.0.63
89.167.127.192/27	89.167.127.192	89.167.127.223	255.255.255.224	32	30	0.0.0.31
89.167.127.224/28	89.167.127.224	89.167.127.239	255.255.255.240	16	14	0.0.0.15
89.167.127.240/29	89.167.127.240	89.167.127.247	255.255.255.248	8	6	0.0.0.7
89.167.127.248/30	89.167.127.248	89.167.127.251	255.255.255.252	4	2	0.0.0.3
89.167.127.252/31	89.167.127.252	89.167.127.253	255.255.255.254	2	2	0.0.0.1
89.167.127.254/32	89.167.127.254	89.167.127.254	255.255.255.255	1	1	0.0.0.0
89.167.127.255/32	89.167.127.255	89.167.127.255	255.255.255.255	1	1	0.0.0.0
135.181.0.0/17	135.181.0.0	135.181.127.255	255.255.128.0	32768	32766	0.0.127.255
135.181.128.0/18	135.181.128.0	135.181.191.255	255.255.192.0	16384	16382	0.0.63.255
135.181.192.0/19	135.181.192.0	135.181.223.255	255.255.224.0	8192	8190	0.0.31.255
135.181.224.0/20	135.181.224.0	135.181.239.255	255.255.240.0	4096	4094	0.0.15.255
135.181.240.0/21	135.181.240.0	135.181.247.255	255.255.248.0	2048	2046	0.0.7.255
135.181.248.0/22	135.181.248.0	135.181.251.255	255.255.252.0	1024	1022	0.0.3.255
135.181.252.0/23	135.181.252.0	135.181.253.255	255.255.254.0	512	510	0.0.1.255
135.181.254.0/24	135.181.254.0	135.181.254.255	255.255.255.0	256	254	0.0.0.255
135.181.255.0/25	135.181.255.0	135.181.255.127	255.255.255.128	128	126	0.0.0.127
135.181.255.128/26	135.181.255.128	135.181.255.191	255.255.255.192	64	62	0.0.0.63
135.181.255.192/27	135.181.255.192	135.181.255.223	255.255.255.224	32	30	0.0.0.31
135.181.255.224/28	135.181.255.224	135.181.255.239	255.255.255.240	16	14	0.0.0.15
135.181.255.240/29	135.181.255.240	135.181.255.247	255.255.255.248	8	6	0.0.0.7
135.181.255.248/30	135.181.255.248	135.181.255.251	255.255.255.252	4	2	0.0.0.3
135.181.255.252/31	135.181.255.252	135.181.255.253	255.255.255.254	2	2	0.0.0.1
135.181.255.254/32	135.181.255.254	135.181.255.254	255.255.255.255	1	1	0.0.0.0
135.181.255.255/32	135.181.255.255	135.181.255.255	255.255.255.255	1	1	0.0.0.0
162.55.0.0/17	162.55.0.0	162.55.127.255	255.255.128.0	32768	32766	0.0.127.255
162.55.128.0/18	162.55.128.0	162.55.191.255	255.255.192.0	16384	16382	0.0.63.255
162.55.192.0/19	162.55.192.0	162.55.223.255	255.255.224.0	8192	8190	0.0.31.255
162.55.224.0/20	162.55.224.0	162.55.239.255	255.255.240.0	4096	4094	0.0.15.255
162.55.240.0/21	162.55.240.0	162.55.247.255	255.255.248.0	2048	2046	0.0.7.255
162.55.248.0/22	162.55.248.0	162.55.251.255	255.255.252.0	1024	1022	0.0.3.255
162.55.252.0/23	162.55.252.0	162.55.253.255	255.255.254.0	512	510	0.0.1.255
162.55.254.0/24	162.55.254.0	162.55.254.255	255.255.255.0	256	254	0.0.0.255
162.55.255.0/25	162.55.255.0	162.55.255.127	255.255.255.128	128	126	0.0.0.127
162.55.255.128/26	162.55.255.128	162.55.255.191	255.255.255.192	64	62	0.0.0.63
162.55.255.192/27	162.55.255.192	162.55.255.223	255.255.255.224	32	30	0.0.0.31
162.55.255.224/28	162.55.255.224	162.55.255.239	255.255.255.240	16	14	0.0.0.15
162.55.255.240/29	162.55.255.240	162.55.255.247	255.255.255.248	8	6	0.0.0.7
162.55.255.248/30	162.55.255.248	162.55.255.251	255.255.255.252	4	2	0.0.0.3
162.55.255.252/31	162.55.255.252	162.55.255.253	255.255.255.254	2	2	0.0.0.1
162.55.255.254/32	162.55.255.254	162.55.255.254	255.255.255.255	1	1	0.0.0.0
162.55.255.255/32	162.55.255.255	162.55.255.255	255.255.255.255	1	1	0.0.0.0
23.88.0.0/18	23.88.0.0	23.88.63.255	255.255.192.0	16384	16382	0.0.63.255
23.88.64.0/19	23.88.64.0	23.88.95.255	255.255.224.0	8192	8190	0.0.31.255
23.88.96.0/20	23.88.96.0	23.88.111.255	255.255.240.0	4096	4094	0.0.15.255
23.88.112.0/21	23.88.112.0	23.88.119.255	255.255.248.0	2048	2046	0.0.7.255
23.88.120.0/22	23.88.120.0	23.88.123.255	255.255.252.0	1024	1022	0.0.3.255
23.88.124.0/23	23.88.124.0	23.88.125.255	255.255.254.0	512	510	0.0.1.255
23.88.126.0/24	23.88.126.0	23.88.126.255	255.255.255.0	256	254	0.0.0.255
23.88.127.0/25	23.88.127.0	23.88.127.127	255.255.255.128	128	126	0.0.0.127
23.88.127.128/26	23.88.127.128	23.88.127.191	255.255.255.192	64	62	0.0.0.63
23.88.127.192/27	23.88.127.192	23.88.127.223	255.255.255.224	32	30	0.0.0.31
23.88.127.224/28	23.88.127.224	23.88.127.239	255.255.255.240	16	14	0.0.0.15
23.88.127.240/29	23.88.127.240	23.88.127.247	255.255.255.248	8	6	0.0.0.7
23.88.127.248/30	23.88.127.248	23.88.127.251	255.255.255.252	4	2	0.0.0.3
23.88.127.252/31	23.88.127.252	23.88.127.253	255.255.255.254	2	2	0.0.0.1
23.88.127.254/32	23.88.127.254	23.88.127.254	255.255.255.255	1	1	0.0.0.0
23.88.127.255/32	23.88.127.255	23.88.127.255	255.255.255.255	1	1	0.0.0.0
49.12.0.0/16	49.12.0.0	49.12.255.255	255.255.0.0	65536	65534	0.0.255.255
49.13.0.0/17	49.13.0.0	49.13.127.255	255.255.128.0	32768	32766	0.0.127.255
49.13.128.0/18	49.13.128.0	49.13.191.255	255.255.192.0	16384	16382	0.0.63.255
49.13.192.0/19	49.13.192.0	49.13.223.255	255.255.224.0	8192	8190	0.0.31.255
49.13.224.0/20	49.13.224.0	49.13.239.255	255.255.240.0	4096	4094	0.0.15.255
49.13.240.0/21	49.13.240.0	49.13.247.255	255.255.248.0	2048	2046	0.0.7.255
49.13.248.0/22	49.13.248.0	49.13.251.255	255.255.252.0	1024	1022	0.0.3.255
49.13.252.0/23	49.13.252.0	49.13.253.255	255.255.254.0	512	510	0.0.1.255
49.13.254.0/24	49.13.254.0	49.13.254.255	255.255.255.0	256	254	0.0.0.255
49.13.255.0/25	49.13.255.0	49.13.255.127	255.255.255.128	128	126	0.0.0.127
49.13.255.128/26	49.13.255.128	49.13.255.191	255.255.255.192	64	62	0.0.0.63
49.13.255.192/27	49.13.255.192	49.13.255.223	255.255.255.224	32	30	0.0.0.31
49.13.255.224/28	49.13.255.224	49.13.255.239	255.255.255.240	16	14	0.0.0.15
49.13.255.240/29	49.13.255.240	49.13.255.247	255.255.255.248	8	6	0.0.0.7
49.13.255.248/30	49.13.255.248	49.13.255.251	255.255.255.252	4	2	0.0.0.3
49.13.255.252/31	49.13.255.252	49.13.255.253	255.255.255.254	2	2	0.0.0.1
49.13.255.254/32	49.13.255.254	49.13.255.254	255.255.255.255	1	1	0.0.0.0
49.13.255.255/32	49.13.255.255	49.13.255.255	255.255.255.255	1	1	0.0.0.0
144.76.0.0/17	144.76.0.0	144.76.127.255	255.255.128.0	32768	32766	0.0.127.255
144.76.128.0/18	144.76.128.0	144.76.191.255	255.255.192.0	16384	16382	0.0.63.255
144.76.192.0/19	144.76.192.0	144.76.223.255	255.255.224.0	8192	8190	0.0.31.255
144.76.224.0/20	144.76.224.0	144.76.239.255	255.255.240.0	4096	4094	0.0.15.255
144.76.240.0/21	144.76.240.0	144.76.247.255	255.255.248.0	2048	2046	0.0.7.255
144.76.248.0/22	144.76.248.0	144.76.251.255	255.255.252.0	1024	1022	0.0.3.255
144.76.252.0/23	144.76.252.0	144.76.253.255	255.255.254.0	512	510	0.0.1.255
144.76.254.0/24	144.76.254.0	144.76.254.255	255.255.255.0	256	254	0.0.0.255
144.76.255.0/25	144.76.255.0	144.76.255.127	255.255.255.128	128	126	0.0.0.127
144.76.255.128/26	144.76.255.128	144.76.255.191	255.255.255.192	64	62	0.0.0.63
144.76.255.192/27	144.76.255.192	144.76.255.223	255.255.255.224	32	30	0.0.0.31
144.76.255.224/28	144.76.255.224	144.76.255.239	255.255.255.240	16	14	0.0.0.15
144.76.255.240/29	144.76.255.240	144.76.255.247	255.255.255.248	8	6	0.0.0.7
144.76.255.248/30	144.76.255.248	144.76.255.251	255.255.255.252	4	2	0.0.0.3
144.76.255.252/31	144.76.255.252	144.76.255.253	255.255.255.254	2	2	0.0.0.1
144.76.255.254/32	144.76.255.254	144.76.255.254	255.255.255.255	1	1	0.0.0.0
144.76.255.255/32	144.76.255.255	144.76.255.255	255.255.255.255	1	1	0.0.0.0
213.239.192.0/19	213.239.192.0	213.239.223.255	255.255.224.0	8192	8190	0.0.31.255
213.239.224.0/20	213.239.224.0	213.239.239.255	255.255.240.0	4096	4094	0.0.15.255
213.239.240.0/21	213.239.240.0	213.239.247.255	255.255.248.0	2048	2046	0.0.7.255
213.239.248.0/22	213.239.248.0	213.239.251.255	255.255.252.0	1024	1022	0.0.3.255
213.239.252.0/23	213.239.252.0	213.239.253.255	255.255.254.0	512	510	0.0.1.255
213.239.254.0/24	213.239.254.0	213.239.254.255	255.255.255.0	256	254	0.0.0.255
213.239.255.0/25	213.239.255.0	213.239.255.127	255.255.255.128	128	126	0.0.0.127
213.239.255.128/26	213.239.255.128	213.239.255.191	255.255.255.192	64	62	0.0.0.63
213.239.255.192/27	213.239.255.192	213.239.255.223	255.255.255.224	32	30	0.0.0.31
213.239.255.224/28	213.239.255.224	213.239.255.239	255.255.255.240	16	14	0.0.0.15
213.239.255.240/29	213.239.255.240	213.239.255.247	255.255.255.248	8	6	0.0.0.7
213.239.255.248/30	213.239.255.248	213.239.255.251	255.255.255.252	4	2	0.0.0.3
213.239.255.252/31	213.239.255.252	213.239.255.253	255.255.255.254	2	2	0.0.0.1
213.239.255.254/32	213.239.255.254	213.239.255.254	255.255.255.255	1	1	0.0.0.0
213.239.255.255/32	213.239.255.255	213.239.255.255	255.255.255.255	1	1	0.0.0.0
65.108.0.0/16	65.108.0.0	65.108.255.255	255.255.0.0	65536	65534	0.0.255.255
65.109.0.0/17	65.109.0.0	65.109.127.255	255.255.128.0	32768	32766	0.0.127.255
65.109.128.0/18	65.109.128.0	65.109.191.255	255.255.192.0	16384	16382	0.0.63.255
65.109.192.0/19	65.109.192.0	65.109.223.255	255.255.224.0	8192	8190	0.0.31.255
65.109.224.0/20	65.109.224.0	65.109.239.255	255.255.240.0	4096	4094	0.0.15.255
65.109.240.0/21	65.109.240.0	65.109.247.255	255.255.248.0	2048	2046	0.0.7.255
65.109.248.0/22	65.109.248.0	65.109.251.255	255.255.252.0	1024	1022	0.0.3.255
65.109.252.0/23	65.109.252.0	65.109.253.255	255.255.254.0	512	510	0.0.1.255
65.109.254.0/24	65.109.254.0	65.109.254.255	255.255.255.0	256	254	0.0.0.255
65.109.255.0/25	65.109.255.0	65.109.255.127	255.255.255.128	128	126	0.0.0.127
65.109.255.128/26	65.109.255.128	65.109.255.191	255.255.255.192	64	62	0.0.0.63
65.109.255.192/27	65.109.255.192	65.109.255.223	255.255.255.224	32	30	0.0.0.31
65.109.255.224/28	65.109.255.224	65.109.255.239	255.255.255.240	16	14	0.0.0.15
65.109.255.240/29	65.109.255.240	65.109.255.247	255.255.255.248	8	6	0.0.0.7
65.109.255.248/30	65.109.255.248	65.109.255.251	255.255.255.252	4	2	0.0.0.3
65.109.255.252/31	65.109.255.252	65.109.255.253	255.255.255.254	2	2	0.0.0.1
65.109.255.254/32	65.109.255.254	65.109.255.254	255.255.255.255	1	1	0.0.0.0
65.109.255.255/32	65.109.255.255	65.109.255.255	255.255.255.255	1	1	0.0.0.0
157.90.0.0/17	157.90.0.0	157.90.127.255	255.255.128.0	32768	32766	0.0.127.255
157.90.128.0/18	157.90.128.0	157.90.191.255	255.255.192.0	16384	16382	0.0.63.255
157.90.192.0/19	157.90.192.0	157.90.223.255	255.255.224.0	8192	8190	0.0.31.255
157.90.224.0/20	157.90.224.0	157.90.239.255	255.255.240.0	4096	4094	0.0.15.255
157.90.240.0/21	157.90.240.0	157.90.247.255	255.255.248.0	2048	2046	0.0.7.255
157.90.248.0/22	157.90.248.0	157.90.251.255	255.255.252.0	1024	1022	0.0.3.255
157.90.252.0/23	157.90.252.0	157.90.253.255	255.255.254.0	512	510	0.0.1.255
157.90.254.0/24	157.90.254.0	157.90.254.255	255.255.255.0	256	254	0.0.0.255
157.90.255.0/25	157.90.255.0	157.90.255.127	255.255.255.128	128	126	0.0.0.127
157.90.255.128/26	157.90.255.128	157.90.255.191	255.255.255.192	64	62	0.0.0.63
157.90.255.192/27	157.90.255.192	157.90.255.223	255.255.255.224	32	30	0.0.0.31
157.90.255.224/28	157.90.255.224	157.90.255.239	255.255.255.240	16	14	0.0.0.15
157.90.255.240/29	157.90.255.240	157.90.255.247	255.255.255.248	8	6	0.0.0.7
157.90.255.248/30	157.90.255.248	157.90.255.251	255.255.255.252	4	2	0.0.0.3
157.90.255.252/31	157.90.255.252	157.90.255.253	255.255.255.254	2	2	0.0.0.1
157.90.255.254/32	157.90.255.254	157.90.255.254	255.255.255.255	1	1	0.0.0.0
157.90.255.255/32	157.90.255.255	157.90.255.255	255.255.255.255	1	1	0.0.0.0
65.21.0.0/17	65.21.0.0	65.21.127.255	255.255.128.0	32768	32766	0.0.127.255
65.21.128.0/18	65.21.128.0	65.21.191.255	255.255.192.0	16384	16382	0.0.63.255
65.21.192.0/19	65.21.192.0	65.21.223.255	255.255.224.0	8192	8190	0.0.31.255
65.21.224.0/20	65.21.224.0	65.21.239.255	255.255.240.0	4096	4094	0.0.15.255
65.21.240.0/21	65.21.240.0	65.21.247.255	255.255.248.0	2048	2046	0.0.7.255
65.21.248.0/22	65.21.248.0	65.21.251.255	255.255.252.0	1024	1022	0.0.3.255
65.21.252.0/23	65.21.252.0	65.21.253.255	255.255.254.0	512	510	0.0.1.255
65.21.254.0/24	65.21.254.0	65.21.254.255	255.255.255.0	256	254	0.0.0.255
65.21.255.0/25	65.21.255.0	65.21.255.127	255.255.255.128	128	126	0.0.0.127
65.21.255.128/26	65.21.255.128	65.21.255.191	255.255.255.192	64	62	0.0.0.63
65.21.255.192/27	65.21.255.192	65.21.255.223	255.255.255.224	32	30	0.0.0.31
65.21.255.224/28	65.21.255.224	65.21.255.239	255.255.255.240	16	14	0.0.0.15
65.21.255.240/29	65.21.255.240	65.21.255.247	255.255.255.248	8	6	0.0.0.7
65.21.255.248/30	65.21.255.248	65.21.255.251	255.255.255.252	4	2	0.0.0.3
65.21.255.252/31	65.21.255.252	65.21.255.253	255.255.255.254	2	2	0.0.0.1
65.21.255.254/32	65.21.255.254	65.21.255.254	255.255.255.255	1	1	0.0.0.0
65.21.255.255/32	65.21.255.255	65.21.255.255	255.255.255.255	1	1	0.0.0.0
5.161.0.0/17	5.161.0.0	5.161.127.255	255.255.128.0	32768	32766	0.0.127.255
5.161.128.0/18	5.161.128.0	5.161.191.255	255.255.192.0	16384	16382	0.0.63.255
5.161.192.0/19	5.161.192.0	5.161.223.255	255.255.224.0	8192	8190	0.0.31.255
5.161.224.0/20	5.161.224.0	5.161.239.255	255.255.240.0	4096	4094	0.0.15.255
5.161.240.0/21	5.161.240.0	5.161.247.255	255.255.248.0	2048	2046	0.0.7.255
5.161.248.0/22	5.161.248.0	5.161.251.255	255.255.252.0	1024	1022	0.0.3.255
5.161.252.0/23	5.161.252.0	5.161.253.255	255.255.254.0	512	510	0.0.1.255
5.161.254.0/24	5.161.254.0	5.161.254.255	255.255.255.0	256	254	0.0.0.255
5.161.255.0/25	5.161.255.0	5.161.255.127	255.255.255.128	128	126	0.0.0.127
5.161.255.128/26	5.161.255.128	5.161.255.191	255.255.255.192	64	62	0.0.0.63
5.161.255.192/27	5.161.255.192	5.161.255.223	255.255.255.224	32	30	0.0.0.31
5.161.255.224/28	5.161.255.224	5.161.255.239	255.255.255.240	16	14	0.0.0.15
5.161.255.240/29	5.161.255.240	5.161.255.247	255.255.255.248	8	6	0.0.0.7
5.161.255.248/30	5.161.255.248	5.161.255.251	255.255.255.252	4	2	0.0.0.3
5.161.255.252/31	5.161.255.252	5.161.255.253	255.255.255.254	2	2	0.0.0.1
5.161.255.254/32	5.161.255.254	5.161.255.254	255.255.255.255	1	1	0.0.0.0
5.161.255.255/32	5.161.255.255	5.161.255.255	255.255.255.255	1	1	0.0.0.0
136.243.0.0/17	136.243.0.0	136.243.127.255	255.255.128.0	32768	32766	0.0.127.255
136.243.128.0/18	136.243.128.0	136.243.191.255	255.255.192.0	16384	16382	0.0.63.255
136.243.192.0/19	136.243.192.0	136.243.223.255	255.255.224.0	8192	8190	0.0.31.255
136.243.224.0/20	136.243.224.0	136.243.239.255	255.255.240.0	4096	4094	0.0.15.255
136.243.240.0/21	136.243.240.0	136.243.247.255	255.255.248.0	2048	2046	0.0.7.255
136.243.248.0/22	136.243.248.0	136.243.251.255	255.255.252.0	1024	1022	0.0.3.255
136.243.252.0/23	136.243.252.0	136.243.253.255	255.255.254.0	512	510	0.0.1.255
136.243.254.0/24	136.243.254.0	136.243.254.255	255.255.255.0	256	254	0.0.0.255
136.243.255.0/25	136.243.255.0	136.243.255.127	255.255.255.128	128	126	0.0.0.127
136.243.255.128/26	136.243.255.128	136.243.255.191	255.255.255.192	64	62	0.0.0.63
136.243.255.192/27	136.243.255.192	136.243.255.223	255.255.255.224	32	30	0.0.0.31
136.243.255.224/28	136.243.255.224	136.243.255.239	255.255.255.240	16	14	0.0.0.15
136.243.255.240/29	136.243.255.240	136.243.255.247	255.255.255.248	8	6	0.0.0.7
136.243.255.248/30	136.243.255.248	136.243.255.251	255.255.255.252	4	2	0.0.0.3
136.243.255.252/31	136.243.255.252	136.243.255.253	255.255.255.254	2	2	0.0.0.1
136.243.255.254/32	136.243.255.254	136.243.255.254	255.255.255.255	1	1	0.0.0.0
136.243.255.255/32	136.243.255.255	136.243.255.255	255.255.255.255	1	1	0.0.0.0
128.140.0.0/18	128.140.0.0	128.140.63.255	255.255.192.0	16384	16382	0.0.63.255
128.140.64.0/19	128.140.64.0	128.140.95.255	255.255.224.0	8192	8190	0.0.31.255
128.140.96.0/20	128.140.96.0	128.140.111.255	255.255.240.0	4096	4094	0.0.15.255
128.140.112.0/21	128.140.112.0	128.140.119.255	255.255.248.0	2048	2046	0.0.7.255
128.140.120.0/22	128.140.120.0	128.140.123.255	255.255.252.0	1024	1022	0.0.3.255
128.140.124.0/23	128.140.124.0	128.140.125.255	255.255.254.0	512	510	0.0.1.255
128.140.126.0/24	128.140.126.0	128.140.126.255	255.255.255.0	256	254	0.0.0.255
128.140.127.0/25	128.140.127.0	128.140.127.127	255.255.255.128	128	126	0.0.0.127
128.140.127.128/26	128.140.127.128	128.140.127.191	255.255.255.192	64	62	0.0.0.63
128.140.127.192/27	128.140.127.192	128.140.127.223	255.255.255.224	32	30	0.0.0.31
128.140.127.224/28	128.140.127.224	128.140.127.239	255.255.255.240	16	14	0.0.0.15
128.140.127.240/29	128.140.127.240	128.140.127.247	255.255.255.248	8	6	0.0.0.7
128.140.127.248/30	128.140.127.248	128.140.127.251	255.255.255.252	4	2	0.0.0.3
128.140.127.252/31	128.140.127.252	128.140.127.253	255.255.255.254	2	2	0.0.0.1
128.140.127.254/32	128.140.127.254	128.140.127.254	255.255.255.255	1	1	0.0.0.0
128.140.127.255/32	128.140.127.255	128.140.127.255	255.255.255.255	1	1	0.0.0.0
167.235.0.0/17	167.235.0.0	167.235.127.255	255.255.128.0	32768	32766	0.0.127.255
167.235.128.0/18	167.235.128.0	167.235.191.255	255.255.192.0	16384	16382	0.0.63.255
167.235.192.0/19	167.235.192.0	167.235.223.255	255.255.224.0	8192	8190	0.0.31.255
167.235.224.0/20	167.235.224.0	167.235.239.255	255.255.240.0	4096	4094	0.0.15.255
167.235.240.0/21	167.235.240.0	167.235.247.255	255.255.248.0	2048	2046	0.0.7.255
167.235.248.0/22	167.235.248.0	167.235.251.255	255.255.252.0	1024	1022	0.0.3.255
167.235.252.0/23	167.235.252.0	167.235.253.255	255.255.254.0	512	510	0.0.1.255
167.235.254.0/24	167.235.254.0	167.235.254.255	255.255.255.0	256	254	0.0.0.255
167.235.255.0/25	167.235.255.0	167.235.255.127	255.255.255.128	128	126	0.0.0.127
167.235.255.128/26	167.235.255.128	167.235.255.191	255.255.255.192	64	62	0.0.0.63
167.235.255.192/27	167.235.255.192	167.235.255.223	255.255.255.224	32	30	0.0.0.31
167.235.255.224/28	167.235.255.224	167.235.255.239	255.255.255.240	16	14	0.0.0.15
167.235.255.240/29	167.235.255.240	167.235.255.247	255.255.255.248	8	6	0.0.0.7
167.235.255.248/30	167.235.255.248	167.235.255.251	255.255.255.252	4	2	0.0.0.3
167.235.255.252/31	167.235.255.252	167.235.255.253	255.255.255.254	2	2	0.0.0.1
167.235.255.254/32	167.235.255.254	167.235.255.254	255.255.255.255	1	1	0.0.0.0
167.235.255.255/32	167.235.255.255	167.235.255.255	255.255.255.255	1	1	0.0.0.0
142.132.128.0/18	142.132.128.0	142.132.191.255	255.255.192.0	16384	16382	0.0.63.255
142.132.192.0/19	142.132.192.0	142.132.223.255	255.255.224.0	8192	8190	0.0.31.255
142.132.224.0/20	142.132.224.0	142.132.239.255	255.255.240.0	4096	4094	0.0.15.255
142.132.240.0/21	142.132.240.0	142.132.247.255	255.255.248.0	2048	2046	0.0.7.255
142.132.248.0/22	142.132.248.0	142.132.251.255	255.255.252.0	1024	1022	0.0.3.255
142.132.252.0/23	142.132.252.0	142.132.253.255	255.255.254.0	512	510	0.0.1.255
142.132.254.0/24	142.132.254.0	142.132.254.255	255.255.255.0	256	254	0.0.0.255
142.132.255.0/25	142.132.255.0	142.132.255.127	255.255.255.128	128	126	0.0.0.127
142.132.255.128/26	142.132.255.128	142.132.255.191	255.255.255.192	64	62	0.0.0.63
142.132.255.192/27	142.132.255.192	142.132.255.223	255.255.255.224	32	30	0.0.0.31
142.132.255.224/28	142.132.255.224	142.132.255.239	255.255.255.240	16	14	0.0.0.15
142.132.255.240/29	142.132.255.240	142.132.255.247	255.255.255.248	8	6	0.0.0.7
142.132.255.248/30	142.132.255.248	142.132.255.251	255.255.255.252	4	2	0.0.0.3
142.132.255.252/31	142.132.255.252	142.132.255.253	255.255.255.254	2	2	0.0.0.1
142.132.255.254/32	142.132.255.254	142.132.255.254	255.255.255.255	1	1	0.0.0.0
142.132.255.255/32	142.132.255.255	142.132.255.255	255.255.255.255	1	1	0.0.0.0
213.133.96.0/20	213.133.96.0	213.133.111.255	255.255.240.0	4096	4094	0.0.15.255
213.133.112.0/21	213.133.112.0	213.133.119.255	255.255.248.0	2048	2046	0.0.7.255
213.133.120.0/22	213.133.120.0	213.133.123.255	255.255.252.0	1024	1022	0.0.3.255
213.133.124.0/23	213.133.124.0	213.133.125.255	255.255.254.0	512	510	0.0.1.255
213.133.126.0/24	213.133.126.0	213.133.126.255	255.255.255.0	256	254	0.0.0.255
213.133.127.0/25	213.133.127.0	213.133.127.127	255.255.255.128	128	126	0.0.0.127
213.133.127.128/26	213.133.127.128	213.133.127.191	255.255.255.192	64	62	0.0.0.63
213.133.127.192/27	213.133.127.192	213.133.127.223	255.255.255.224	32	30	0.0.0.31
213.133.127.224/28	213.133.127.224	213.133.127.239	255.255.255.240	16	14	0.0.0.15
213.133.127.240/29	213.133.127.240	213.133.127.247	255.255.255.248	8	6	0.0.0.7
213.133.127.248/30	213.133.127.248	213.133.127.251	255.255.255.252	4	2	0.0.0.3
213.133.127.252/31	213.133.127.252	213.133.127.253	255.255.255.254	2	2	0.0.0.1
213.133.127.254/32	213.133.127.254	213.133.127.254	255.255.255.255	1	1	0.0.0.0
213.133.127.255/32	213.133.127.255	213.133.127.255	255.255.255.255	1	1	0.0.0.0
37.27.0.0/17	37.27.0.0	37.27.127.255	255.255.128.0	32768	32766	0.0.127.255
37.27.128.0/18	37.27.128.0	37.27.191.255	255.255.192.0	16384	16382	0.0.63.255
37.27.192.0/19	37.27.192.0	37.27.223.255	255.255.224.0	8192	8190	0.0.31.255
37.27.224.0/20	37.27.224.0	37.27.239.255	255.255.240.0	4096	4094	0.0.15.255
37.27.240.0/21	37.27.240.0	37.27.247.255	255.255.248.0	2048	2046	0.0.7.255
37.27.248.0/22	37.27.248.0	37.27.251.255	255.255.252.0	1024	1022	0.0.3.255
37.27.252.0/23	37.27.252.0	37.27.253.255	255.255.254.0	512	510	0.0.1.255
37.27.254.0/24	37.27.254.0	37.27.254.255	255.255.255.0	256	254	0.0.0.255
37.27.255.0/25	37.27.255.0	37.27.255.127	255.255.255.128	128	126	0.0.0.127
37.27.255.128/26	37.27.255.128	37.27.255.191	255.255.255.192	64	62	0.0.0.63
37.27.255.192/27	37.27.255.192	37.27.255.223	255.255.255.224	32	30	0.0.0.31
37.27.255.224/28	37.27.255.224	37.27.255.239	255.255.255.240	16	14	0.0.0.15
37.27.255.240/29	37.27.255.240	37.27.255.247	255.255.255.248	8	6	0.0.0.7
37.27.255.248/30	37.27.255.248	37.27.255.251	255.255.255.252	4	2	0.0.0.3
37.27.255.252/31	37.27.255.252	37.27.255.253	255.255.255.254	2	2	0.0.0.1
37.27.255.254/32	37.27.255.254	37.27.255.254	255.255.255.255	1	1	0.0.0.0
37.27.255.255/32	37.27.255.255	37.27.255.255	255.255.255.255	1	1	0.0.0.0
85.10.192.0/19	85.10.192.0	85.10.223.255	255.255.224.0	8192	8190	0.0.31.255
85.10.224.0/20	85.10.224.0	85.10.239.255	255.255.240.0	4096	4094	0.0.15.255
85.10.240.0/21	85.10.240.0	85.10.247.255	255.255.248.0	2048	2046	0.0.7.255
85.10.248.0/22	85.10.248.0	85.10.251.255	255.255.252.0	1024	1022	0.0.3.255
85.10.252.0/23	85.10.252.0	85.10.253.255	255.255.254.0	512	510	0.0.1.255
85.10.254.0/24	85.10.254.0	85.10.254.255	255.255.255.0	256	254	0.0.0.255
85.10.255.0/25	85.10.255.0	85.10.255.127	255.255.255.128	128	126	0.0.0.127
85.10.255.128/26	85.10.255.128	85.10.255.191	255.255.255.192	64	62	0.0.0.63
85.10.255.192/27	85.10.255.192	85.10.255.223	255.255.255.224	32	30	0.0.0.31
85.10.255.224/28	85.10.255.224	85.10.255.239	255.255.255.240	16	14	0.0.0.15
85.10.255.240/29	85.10.255.240	85.10.255.247	255.255.255.248	8	6	0.0.0.7
85.10.255.248/30	85.10.255.248	85.10.255.251	255.255.255.252	4	2	0.0.0.3
85.10.255.252/31	85.10.255.252	85.10.255.253	255.255.255.254	2	2	0.0.0.1
85.10.255.254/32	85.10.255.254	85.10.255.254	255.255.255.255	1	1	0.0.0.0
85.10.255.255/32	85.10.255.255	85.10.255.255	255.255.255.255	1	1	0.0.0.0
188.245.0.0/17	188.245.0.0	188.245.127.255	255.255.128.0	32768	32766	0.0.127.255
188.245.128.0/18	188.245.128.0	188.245.191.255	255.255.192.0	16384	16382	0.0.63.255
188.245.192.0/19	188.245.192.0	188.245.223.255	255.255.224.0	8192	8190	0.0.31.255
188.245.224.0/20	188.245.224.0	188.245.239.255	255.255.240.0	4096	4094	0.0.15.255
188.245.240.0/21	188.245.240.0	188.245.247.255	255.255.248.0	2048	2046	0.0.7.255
188.245.248.0/22	188.245.248.0	188.245.251.255	255.255.252.0	1024	1022	0.0.3.255
188.245.252.0/23	188.245.252.0	188.245.253.255	255.255.254.0	512	510	0.0.1.255
188.245.254.0/24	188.245.254.0	188.245.254.255	255.255.255.0	256	254	0.0.0.255
188.245.255.0/25	188.245.255.0	188.245.255.127	255.255.255.128	128	126	0.0.0.127
188.245.255.128/26	188.245.255.128	188.245.255.191	255.255.255.192	64	62	0.0.0.63
188.245.255.192/27	188.245.255.192	188.245.255.223	255.255.255.224	32	30	0.0.0.31
188.245.255.224/28	188.245.255.224	188.245.255.239	255.255.255.240	16	14	0.0.0.15
188.245.255.240/29	188.245.255.240	188.245.255.247	255.255.255.248	8	6	0.0.0.7
188.245.255.248/30	188.245.255.248	188.245.255.251	255.255.255.252	4	2	0.0.0.3
188.245.255.252/31	188.245.255.252	188.245.255.253	255.255.255.254	2	2	0.0.0.1
188.245.255.254/32	188.245.255.254	188.245.255.254	255.255.255.255	1	1	0.0.0.0
188.245.255.255/32	188.245.255.255	188.245.255.255	255.255.255.255	1	1	0.0.0.0
138.199.128.0/18	138.199.128.0	138.199.191.255	255.255.192.0	16384	16382	0.0.63.255
138.199.192.0/19	138.199.192.0	138.199.223.255	255.255.224.0	8192	8190	0.0.31.255
138.199.224.0/20	138.199.224.0	138.199.239.255	255.255.240.0	4096	4094	0.0.15.255
138.199.240.0/21	138.199.240.0	138.199.247.255	255.255.248.0	2048	2046	0.0.7.255
138.199.248.0/22	138.199.248.0	138.199.251.255	255.255.252.0	1024	1022	0.0.3.255
138.199.252.0/23	138.199.252.0	138.199.253.255	255.255.254.0	512	510	0.0.1.255
138.199.254.0/24	138.199.254.0	138.199.254.255	255.255.255.0	256	254	0.0.0.255
138.199.255.0/25	138.199.255.0	138.199.255.127	255.255.255.128	128	126	0.0.0.127
138.199.255.128/26	138.199.255.128	138.199.255.191	255.255.255.192	64	62	0.0.0.63
138.199.255.192/27	138.199.255.192	138.199.255.223	255.255.255.224	32	30	0.0.0.31
138.199.255.224/28	138.199.255.224	138.199.255.239	255.255.255.240	16	14	0.0.0.15
138.199.255.240/29	138.199.255.240	138.199.255.247	255.255.255.248	8	6	0.0.0.7
138.199.255.248/30	138.199.255.248	138.199.255.251	255.255.255.252	4	2	0.0.0.3
138.199.255.252/31	138.199.255.252	138.199.255.253	255.255.255.254	2	2	0.0.0.1
138.199.255.254/32	138.199.255.254	138.199.255.254	255.255.255.255	1	1	0.0.0.0
138.199.255.255/32	138.199.255.255	138.199.255.255	255.255.255.255	1	1	0.0.0.0
178.156.128.0/18	178.156.128.0	178.156.191.255	255.255.192.0	16384	16382	0.0.63.255
178.156.192.0/19	178.156.192.0	178.156.223.255	255.255.224.0	8192	8190	0.0.31.255
178.156.224.0/20	178.156.224.0	178.156.239.255	255.255.240.0	4096	4094	0.0.15.255
178.156.240.0/21	178.156.240.0	178.156.247.255	255.255.248.0	2048	2046	0.0.7.255
178.156.248.0/22	178.156.248.0	178.156.251.255	255.255.252.0	1024	1022	0.0.3.255
178.156.252.0/23	178.156.252.0	178.156.253.255	255.255.254.0	512	510	0.0.1.255
178.156.254.0/24	178.156.254.0	178.156.254.255	255.255.255.0	256	254	0.0.0.255
178.156.255.0/25	178.156.255.0	178.156.255.127	255.255.255.128	128	126	0.0.0.127
178.156.255.128/26	178.156.255.128	178.156.255.191	255.255.255.192	64	62	0.0.0.63
178.156.255.192/27	178.156.255.192	178.156.255.223	255.255.255.224	32	30	0.0.0.31
178.156.255.224/28	178.156.255.224	178.156.255.239	255.255.255.240	16	14	0.0.0.15
178.156.255.240/29	178.156.255.240	178.156.255.247	255.255.255.248	8	6	0.0.0.7
178.156.255.248/30	178.156.255.248	178.156.255.251	255.255.255.252	4	2	0.0.0.3
178.156.255.252/31	178.156.255.252	178.156.255.253	255.255.255.254	2	2	0.0.0.1
178.156.255.254/32	178.156.255.254	178.156.255.254	255.255.255.255	1	1	0.0.0.0
178.156.255.255/32	178.156.255.255	178.156.255.255	255.255.255.255	1	1	0.0.0.0
193.47.99.0/25	193.47.99.0	193.47.99.127	255.255.255.128	128	126	0.0.0.127
193.47.99.128/26	193.47.99.128	193.47.99.191	255.255.255.192	64	62	0.0.0.63
193.47.99.192/27	193.47.99.192	193.47.99.223	255.255.255.224	32	30	0.0.0.31
193.47.99.224/28	193.47.99.224	193.47.99.239	255.255.255.240	16	14	0.0.0.15
193.47.99.240/29	193.47.99.240	193.47.99.247	255.255.255.248	8	6	0.0.0.7
193.47.99.248/30	193.47.99.248	193.47.99.251	255.255.255.252	4	2	0.0.0.3
193.47.99.252/31	193.47.99.252	193.47.99.253	255.255.255.254	2	2	0.0.0.1
193.47.99.254/32	193.47.99.254	193.47.99.254	255.255.255.255	1	1	0.0.0.0
193.47.99.255/32	193.47.99.255	193.47.99.255	255.255.255.255	1	1	0.0.0.0
185.50.120.0/24	185.50.120.0	185.50.120.255	255.255.255.0	256	254	0.0.0.255
185.50.121.0/25	185.50.121.0	185.50.121.127	255.255.255.128	128	126	0.0.0.127
185.50.121.128/26	185.50.121.128	185.50.121.191	255.255.255.192	64	62	0.0.0.63
185.50.121.192/27	185.50.121.192	185.50.121.223	255.255.255.224	32	30	0.0.0.31
185.50.121.224/28	185.50.121.224	185.50.121.239	255.255.255.240	16	14	0.0.0.15
185.50.121.240/29	185.50.121.240	185.50.121.247	255.255.255.248	8	6	0.0.0.7
185.50.121.248/30	185.50.121.248	185.50.121.251	255.255.255.252	4	2	0.0.0.3
185.50.121.252/31	185.50.121.252	185.50.121.253	255.255.255.254	2	2	0.0.0.1
185.50.121.254/32	185.50.121.254	185.50.121.254	255.255.255.255	1	1	0.0.0.0
185.50.121.255/32	185.50.121.255	185.50.121.255	255.255.255.255	1	1	0.0.0.0
185.12.64.0/23	185.12.64.0	185.12.65.255	255.255.254.0	512	510	0.0.1.255
185.12.66.0/24	185.12.66.0	185.12.66.255	255.255.255.0	256	254	0.0.0.255
185.12.67.0/25	185.12.67.0	185.12.67.127	255.255.255.128	128	126	0.0.0.127
185.12.67.128/26	185.12.67.128	185.12.67.191	255.255.255.192	64	62	0.0.0.63
185.12.67.192/27	185.12.67.192	185.12.67.223	255.255.255.224	32	30	0.0.0.31
185.12.67.224/28	185.12.67.224	185.12.67.239	255.255.255.240	16	14	0.0.0.15
185.12.67.240/29	185.12.67.240	185.12.67.247	255.255.255.248	8	6	0.0.0.7
185.12.67.248/30	185.12.67.248	185.12.67.251	255.255.255.252	4	2	0.0.0.3
185.12.67.252/31	185.12.67.252	185.12.67.253	255.255.255.254	2	2	0.0.0.1
185.12.67.254/32	185.12.67.254	185.12.67.254	255.255.255.255	1	1	0.0.0.0
185.12.67.255/32	185.12.67.255	185.12.67.255	255.255.255.255	1	1	0.0.0.0
5.75.128.0/18	5.75.128.0	5.75.191.255	255.255.192.0	16384	16382	0.0.63.255
5.75.192.0/19	5.75.192.0	5.75.223.255	255.255.224.0	8192	8190	0.0.31.255
5.75.224.0/20	5.75.224.0	5.75.239.255	255.255.240.0	4096	4094	0.0.15.255
5.75.240.0/21	5.75.240.0	5.75.247.255	255.255.248.0	2048	2046	0.0.7.255
5.75.248.0/22	5.75.248.0	5.75.251.255	255.255.252.0	1024	1022	0.0.3.255
5.75.252.0/23	5.75.252.0	5.75.253.255	255.255.254.0	512	510	0.0.1.255
5.75.254.0/24	5.75.254.0	5.75.254.255	255.255.255.0	256	254	0.0.0.255
5.75.255.0/25	5.75.255.0	5.75.255.127	255.255.255.128	128	126	0.0.0.127
5.75.255.128/26	5.75.255.128	5.75.255.191	255.255.255.192	64	62	0.0.0.63
5.75.255.192/27	5.75.255.192	5.75.255.223	255.255.255.224	32	30	0.0.0.31
5.75.255.224/28	5.75.255.224	5.75.255.239	255.255.255.240	16	14	0.0.0.15
5.75.255.240/29	5.75.255.240	5.75.255.247	255.255.255.248	8	6	0.0.0.7
5.75.255.248/30	5.75.255.248	5.75.255.251	255.255.255.252	4	2	0.0.0.3
5.75.255.252/31	5.75.255.252	5.75.255.253	255.255.255.254	2	2	0.0.0.1
5.75.255.254/32	5.75.255.254	5.75.255.254	255.255.255.255	1	1	0.0.0.0
5.75.255.255/32	5.75.255.255	5.75.255.255	255.255.255.255	1	1	0.0.0.0
5.78.0.0/17	5.78.0.0	5.78.127.255	255.255.128.0	32768	32766	0.0.127.255
5.78.128.0/18	5.78.128.0	5.78.191.255	255.255.192.0	16384	16382	0.0.63.255
5.78.192.0/19	5.78.192.0	5.78.223.255	255.255.224.0	8192	8190	0.0.31.255
5.78.224.0/20	5.78.224.0	5.78.239.255	255.255.240.0	4096	4094	0.0.15.255
5.78.240.0/21	5.78.240.0	5.78.247.255	255.255.248.0	2048	2046	0.0.7.255
5.78.248.0/22	5.78.248.0	5.78.251.255	255.255.252.0	1024	1022	0.0.3.255
5.78.252.0/23	5.78.252.0	5.78.253.255	255.255.254.0	512	510	0.0.1.255
5.78.254.0/24	5.78.254.0	5.78.254.255	255.255.255.0	256	254	0.0.0.255
5.78.255.0/25	5.78.255.0	5.78.255.127	255.255.255.128	128	126	0.0.0.127
5.78.255.128/26	5.78.255.128	5.78.255.191	255.255.255.192	64	62	0.0.0.63
5.78.255.192/27	5.78.255.192	5.78.255.223	255.255.255.224	32	30	0.0.0.31
5.78.255.224/28	5.78.255.224	5.78.255.239	255.255.255.240	16	14	0.0.0.15
5.78.255.240/29	5.78.255.240	5.78.255.247	255.255.255.248	8	6	0.0.0.7
5.78.255.248/30	5.78.255.248	5.78.255.251	255.255.255.252	4	2	0.0.0.3
5.78.255.252/31	5.78.255.252	5.78.255.253	255.255.255.254	2	2	0.0.0.1
5.78.255.254/32	5.78.255.254	5.78.255.254	255.255.255.255	1	1	0.0.0.0
5.78.255.255/32	5.78.255.255	5.78.255.255	255.255.255.255	1	1	0.0.0.0
157.180.0.0/18	157.180.0.0	157.180.63.255	255.255.192.0	16384	16382	0.0.63.255
157.180.64.0/19	157.180.64.0	157.180.95.255	255.255.224.0	8192	8190	0.0.31.255
157.180.96.0/20	157.180.96.0	157.180.111.255	255.255.240.0	4096	4094	0.0.15.255
157.180.112.0/21	157.180.112.0	157.180.119.255	255.255.248.0	2048	2046	0.0.7.255
157.180.120.0/22	157.180.120.0	157.180.123.255	255.255.252.0	1024	1022	0.0.3.255
157.180.124.0/23	157.180.124.0	157.180.125.255	255.255.254.0	512	510	0.0.1.255
157.180.126.0/24	157.180.126.0	157.180.126.255	255.255.255.0	256	254	0.0.0.255
157.180.127.0/25	157.180.127.0	157.180.127.127	255.255.255.128	128	126	0.0.0.127
157.180.127.128/26	157.180.127.128	157.180.127.191	255.255.255.192	64	62	0.0.0.63
157.180.127.192/27	157.180.127.192	157.180.127.223	255.255.255.224	32	30	0.0.0.31
157.180.127.224/28	157.180.127.224	157.180.127.239	255.255.255.240	16	14	0.0.0.15
157.180.127.240/29	157.180.127.240	157.180.127.247	255.255.255.248	8	6	0.0.0.7
157.180.127.248/30	157.180.127.248	157.180.127.251	255.255.255.252	4	2	0.0.0.3
157.180.127.252/31	157.180.127.252	157.180.127.253	255.255.255.254	2	2	0.0.0.1
157.180.127.254/32	157.180.127.254	157.180.127.254	255.255.255.255	1	1	0.0.0.0
157.180.127.255/32	157.180.127.255	157.180.127.255	255.255.255.255	1	1	0.0.0.0
91.107.128.0/18	91.107.128.0	91.107.191.255	255.255.192.0	16384	16382	0.0.63.255
91.107.192.0/19	91.107.192.0	91.107.223.255	255.255.224.0	8192	8190	0.0.31.255
91.107.224.0/20	91.107.224.0	91.107.239.255	255.255.240.0	4096	4094	0.0.15.255
91.107.240.0/21	91.107.240.0	91.107.247.255	255.255.248.0	2048	2046	0.0.7.255
91.107.248.0/22	91.107.248.0	91.107.251.255	255.255.252.0	1024	1022	0.0.3.255
91.107.252.0/23	91.107.252.0	91.107.253.255	255.255.254.0	512	510	0.0.1.255
91.107.254.0/24	91.107.254.0	91.107.254.255	255.255.255.0	256	254	0.0.0.255
91.107.255.0/25	91.107.255.0	91.107.255.127	255.255.255.128	128	126	0.0.0.127
91.107.255.128/26	91.107.255.128	91.107.255.191	255.255.255.192	64	62	0.0.0.63
91.107.255.192/27	91.107.255.192	91.107.255.223	255.255.255.224	32	30	0.0.0.31
91.107.255.224/28	91.107.255.224	91.107.255.239	255.255.255.240	16	14	0.0.0.15
91.107.255.240/29	91.107.255.240	91.107.255.247	255.255.255.248	8	6	0.0.0.7
91.107.255.248/30	91.107.255.248	91.107.255.251	255.255.255.252	4	2	0.0.0.3
91.107.255.252/31	91.107.255.252	91.107.255.253	255.255.255.254	2	2	0.0.0.1
91.107.255.254/32	91.107.255.254	91.107.255.254	255.255.255.255	1	1	0.0.0.0
91.107.255.255/32	91.107.255.255	91.107.255.255	255.255.255.255	1	1	0.0.0.0
