CIDR              	Start IP       	End IP         	Subnet Mask    	Hosts	Addresses	Wildcard mask
192.34.56.0/22    	192.34.56.0    	192.34.59.255  	255.255.252.0  	1022 	1024     	0.0.3.255
192.34.60.0/23    	192.34.60.0    	192.34.61.255  	255.255.254.0  	510  	512      	0.0.1.255
192.34.62.0/24    	192.34.62.0    	192.34.62.255  	255.255.255.0  	254  	256      	0.0.0.255
192.34.63.0/25    	192.34.63.0    	192.34.63.127  	255.255.255.128	126  	128      	0.0.0.127
192.34.63.128/26  	192.34.63.128  	192.34.63.191  	255.255.255.192	62   	64       	0.0.0.63
192.34.63.192/27  	192.34.63.192  	192.34.63.223  	255.255.255.224	30   	32       	0.0.0.31
192.34.63.224/28  	192.34.63.224  	192.34.63.239  	255.255.255.240	14   	16       	0.0.0.15
192.34.63.240/29  	192.34.63.240  	192.34.63.247  	255.255.255.248	6    	8        	0.0.0.7
192.34.63.248/30  	192.34.63.248  	192.34.63.251  	255.255.255.252	2    	4        	0.0.0.3
192.34.63.252/31  	192.34.63.252  	192.34.63.253  	255.255.255.254	2    	2        	0.0.0.1
192.34.63.254/32  	192.34.63.254  	192.34.63.254  	255.255.255.255	1    	1        	0.0.0.0
192.34.63.255/32  	192.34.63.255  	192.34.63.255  	255.255.255.255	1    	1        	0.0.0.0
209.97.128.0/19   	209.97.128.0   	209.97.159.255 	255.255.224.0  	8190 	8192     	0.0.31.255
209.97.160.0/20   	209.97.160.0   	209.97.175.255 	255.255.240.0  	4094 	4096     	0.0.15.255
209.97.176.0/21   	209.97.176.0   	209.97.183.255 	255.255.248.0  	2046 	2048     	0.0.7.255
209.97.184.0/22   	209.97.184.0   	209.97.187.255 	255.255.252.0  	1022 	1024     	0.0.3.255
209.97.188.0/23   	209.97.188.0   	209.97.189.255 	255.255.254.0  	510  	512      	0.0.1.255
209.97.190.0/24   	209.97.190.0   	209.97.190.255 	255.255.255.0  	254  	256      	0.0.0.255
209.97.191.0/25   	209.97.191.0   	209.97.191.127 	255.255.255.128	126  	128      	0.0.0.127
209.97.191.128/26 	209.97.191.128 	209.97.191.191 	255.255.255.192	62   	64       	0.0.0.63
209.97.191.192/27 	209.97.191.192 	209.97.191.223 	255.255.255.224	30   	32       	0.0.0.31
209.97.191.224/28 	209.97.191.224 	209.97.191.239 	255.255.255.240	14   	16       	0.0.0.15
209.97.191.240/29 	209.97.191.240 	209.97.191.247 	255.255.255.248	6    	8        	0.0.0.7
209.97.191.248/30 	209.97.191.248 	209.97.191.251 	255.255.255.252	2    	4        	0.0.0.3
209.97.191.252/31 	209.97.191.252 	209.97.191.253 	255.255.255.254	2    	2        	0.0.0.1
209.97.191.254/32 	209.97.191.254 	209.97.191.254 	255.255.255.255	1    	1        	0.0.0.0
209.97.191.255/32 	209.97.191.255 	209.97.191.255 	255.255.255.255	1    	1        	0.0.0.0
45.55.0.0/17      	45.55.0.0      	45.55.127.255  	255.255.128.0  	32766	32768    	0.0.127.255
45.55.128.0/18    	45.55.128.0    	45.55.191.255  	255.255.192.0  	16382	16384    	0.0.63.255
45.55.192.0/19    	45.55.192.0    	45.55.223.255  	255.255.224.0  	8190 	8192     	0.0.31.255
45.55.224.0/20    	45.55.224.0    	45.55.239.255  	255.255.240.0  	4094 	4096     	0.0.15.255
45.55.240.0/21    	45.55.240.0    	45.55.247.255  	255.255.248.0  	2046 	2048     	0.0.7.255
45.55.248.0/22    	45.55.248.0    	45.55.251.255  	255.255.252.0  	1022 	1024     	0.0.3.255
45.55.252.0/23    	45.55.252.0    	45.55.253.255  	255.255.254.0  	510  	512      	0.0.1.255
45.55.254.0/24    	45.55.254.0    	45.55.254.255  	255.255.255.0  	254  	256      	0.0.0.255
45.55.255.0/25    	45.55.255.0    	45.55.255.127  	255.255.255.128	126  	128      	0.0.0.127
45.55.255.128/26  	45.55.255.128  	45.55.255.191  	255.255.255.192	62   	64       	0.0.0.63
45.55.255.192/27  	45.55.255.192  	45.55.255.223  	255.255.255.224	30   	32       	0.0.0.31
45.55.255.224/28  	45.55.255.224  	45.55.255.239  	255.255.255.240	14   	16       	0.0.0.15
45.55.255.240/29  	45.55.255.240  	45.55.255.247  	255.255.255.248	6    	8        	0.0.0.7
45.55.255.248/30  	45.55.255.248  	45.55.255.251  	255.255.255.252	2    	4        	0.0.0.3
45.55.255.252/31  	45.55.255.252  	45.55.255.253  	255.255.255.254	2    	2        	0.0.0.1
45.55.255.254/32  	45.55.255.254  	45.55.255.254  	255.255.255.255	1    	1        	0.0.0.0
45.55.255.255/32  	45.55.255.255  	45.55.255.255  	255.255.255.255	1    	1        	0.0.0.0
165.227.0.0/17    	165.227.0.0    	165.227.127.255	255.255.128.0  	32766	32768    	0.0.127.255
165.227.128.0/18  	165.227.128.0  	165.227.191.255	255.255.192.0  	16382	16384    	0.0.63.255
165.227.192.0/19  	165.227.192.0  	165.227.223.255	255.255.224.0  	8190 	8192     	0.0.31.255
165.227.224.0/20  	165.227.224.0  	165.227.239.255	255.255.240.0  	4094 	4096     	0.0.15.255
165.227.240.0/21  	165.227.240.0  	165.227.247.255	255.255.248.0  	2046 	2048     	0.0.7.255
165.227.248.0/22  	165.227.248.0  	165.227.251.255	255.255.252.0  	1022 	1024     	0.0.3.255
165.227.252.0/23  	165.227.252.0  	165.227.253.255	255.255.254.0  	510  	512      	0.0.1.255
165.227.254.0/24  	165.227.254.0  	165.227.254.255	255.255.255.0  	254  	256      	0.0.0.255
165.227.255.0/25  	165.227.255.0  	165.227.255.127	255.255.255.128	126  	128      	0.0.0.127
165.227.255.128/26	165.227.255.128	165.227.255.191	255.255.255.192	62   	64       	0.0.0.63
165.227.255.192/27	165.227.255.192	165.227.255.223	255.255.255.224	30   	32       	0.0.0.31
165.227.255.224/28	165.227.255.224	165.227.255.239	255.255.255.240	14   	16       	0.0.0.15
165.227.255.240/29	165.227.255.240	165.227.255.247	255.255.255.248	6    	8        	0.0.0.7
165.227.255.248/30	165.227.255.248	165.227.255.251	255.255.255.252	2    	4        	0.0.0.3
165.227.255.252/31	165.227.255.252	165.227.255.253	255.255.255.254	2    	2        	0.0.0.1
165.227.255.254/32	165.227.255.254	165.227.255.254	255.255.255.255	1    	1        	0.0.0.0
165.227.255.255/32	165.227.255.255	165.227.255.255	255.255.255.255	1    	1        	0.0.0.0
104.248.0.0/17    	104.248.0.0    	104.248.127.255	255.255.128.0  	32766	32768    	0.0.127.255
104.248.128.0/18  	104.248.128.0  	104.248.191.255	255.255.192.0  	16382	16384    	0.0.63.255
104.248.192.0/19  	104.248.192.0  	104.248.223.255	255.255.224.0  	8190 	8192     	0.0.31.255
104.248.224.0/20  	104.248.224.0  	104.248.239.255	255.255.240.0  	4094 	4096     	0.0.15.255
104.248.240.0/21  	104.248.240.0  	104.248.247.255	255.255.248.0  	2046 	2048     	0.0.7.255
104.248.248.0/22  	104.248.248.0  	104.248.251.255	255.255.252.0  	1022 	1024     	0.0.3.255
104.248.252.0/23  	104.248.252.0  	104.248.253.255	255.255.254.0  	510  	512      	0.0.1.255
104.248.254.0/24  	104.248.254.0  	104.248.254.255	255.255.255.0  	254  	256      	0.0.0.255
104.248.255.0/25  	104.248.255.0  	104.248.255.127	255.255.255.128	126  	128      	0.0.0.127
104.248.255.128/26	104.248.255.128	104.248.255.191	255.255.255.192	62   	64       	0.0.0.63
104.248.255.192/27	104.248.255.192	104.248.255.223	255.255.255.224	30   	32       	0.0.0.31
104.248.255.224/28	104.248.255.224	104.248.255.239	255.255.255.240	14   	16       	0.0.0.15
104.248.255.240/29	104.248.255.240	104.248.255.247	255.255.255.248	6    	8        	0.0.0.7
104.248.255.248/30	104.248.255.248	104.248.255.251	255.255.255.252	2    	4        	0.0.0.3
104.248.255.252/31	104.248.255.252	104.248.255.253	255.255.255.254	2    	2        	0.0.0.1
104.248.255.254/32	104.248.255.254	104.248.255.254	255.255.255.255	1    	1        	0.0.0.0
104.248.255.255/32	104.248.255.255	104.248.255.255	255.255.255.255	1    	1        	0.0.0.0
174.138.0.0/18    	174.138.0.0    	174.138.63.255 	255.255.192.0  	16382	16384    	0.0.63.255
174.138.64.0/19   	174.138.64.0   	174.138.95.255 	255.255.224.0  	8190 	8192     	0.0.31.255
174.138.96.0/20   	174.138.96.0   	174.138.111.255	255.255.240.0  	4094 	4096     	0.0.15.255
174.138.112.0/21  	174.138.112.0  	174.138.119.255	255.255.248.0  	2046 	2048     	0.0.7.255
174.138.120.0/22  	174.138.120.0  	174.138.123.255	255.255.252.0  	1022 	1024     	0.0.3.255
174.138.124.0/23  	174.138.124.0  	174.138.125.255	255.255.254.0  	510  	512      	0.0.1.255
174.138.126.0/24  	174.138.126.0  	174.138.126.255	255.255.255.0  	254  	256      	0.0.0.255
174.138.127.0/25  	174.138.127.0  	174.138.127.127	255.255.255.128	126  	128      	0.0.0.127
174.138.127.128/26	174.138.127.128	174.138.127.191	255.255.255.192	62   	64       	0.0.0.63
174.138.127.192/27	174.138.127.192	174.138.127.223	255.255.255.224	30   	32       	0.0.0.31
174.138.127.224/28	174.138.127.224	174.138.127.239	255.255.255.240	14   	16       	0.0.0.15
174.138.127.240/29	174.138.127.240	174.138.127.247	255.255.255.248	6    	8        	0.0.0.7
174.138.127.248/30	174.138.127.248	174.138.127.251	255.255.255.252	2    	4        	0.0.0.3
174.138.127.252/31	174.138.127.252	174.138.127.253	255.255.255.254	2    	2        	0.0.0.1
174.138.127.254/32	174.138.127.254	174.138.127.254	255.255.255.255	1    	1        	0.0.0.0
174.138.127.255/32	174.138.127.255	174.138.127.255	255.255.255.255	1    	1        	0.0.0.0
199.4.223.0/25    	199.4.223.0    	199.4.223.127  	255.255.255.128	126  	128      	0.0.0.127
199.4.223.128/26  	199.4.223.128  	199.4.223.191  	255.255.255.192	62   	64       	0.0.0.63
199.4.223.192/27  	199.4.223.192  	199.4.223.223  	255.255.255.224	30   	32       	0.0.0.31
199.4.223.224/28  	199.4.223.224  	199.4.223.239  	255.255.255.240	14   	16       	0.0.0.15
199.4.223.240/29  	199.4.223.240  	199.4.223.247  	255.255.255.248	6    	8        	0.0.0.7
199.4.223.248/30  	199.4.223.248  	199.4.223.251  	255.255.255.252	2    	4        	0.0.0.3
199.4.223.252/31  	199.4.223.252  	199.4.223.253  	255.255.255.254	2    	2        	0.0.0.1
199.4.223.254/32  	199.4.223.254  	199.4.223.254  	255.255.255.255	1    	1        	0.0.0.0
199.4.223.255/32  	199.4.223.255  	199.4.223.255  	255.255.255.255	1    	1        	0.0.0.0
204.48.16.0/21    	204.48.16.0    	204.48.23.255  	255.255.248.0  	2046 	2048     	0.0.7.255
204.48.24.0/22    	204.48.24.0    	204.48.27.255  	255.255.252.0  	1022 	1024     	0.0.3.255
204.48.28.0/23    	204.48.28.0    	204.48.29.255  	255.255.254.0  	510  	512      	0.0.1.255
204.48.30.0/24    	204.48.30.0    	204.48.30.255  	255.255.255.0  	254  	256      	0.0.0.255
204.48.31.0/25    	204.48.31.0    	204.48.31.127  	255.255.255.128	126  	128      	0.0.0.127
204.48.31.128/26  	204.48.31.128  	204.48.31.191  	255.255.255.192	62   	64       	0.0.0.63
204.48.31.192/27  	204.48.31.192  	204.48.31.223  	255.255.255.224	30   	32       	0.0.0.31
204.48.31.224/28  	204.48.31.224  	204.48.31.239  	255.255.255.240	14   	16       	0.0.0.15
204.48.31.240/29  	204.48.31.240  	204.48.31.247  	255.255.255.248	6    	8        	0.0.0.7
204.48.31.248/30  	204.48.31.248  	204.48.31.251  	255.255.255.252	2    	4        	0.0.0.3
204.48.31.252/31  	204.48.31.252  	204.48.31.253  	255.255.255.254	2    	2        	0.0.0.1
204.48.31.254/32  	204.48.31.254  	204.48.31.254  	255.255.255.255	1    	1        	0.0.0.0
204.48.31.255/32  	204.48.31.255  	204.48.31.255  	255.255.255.255	1    	1        	0.0.0.0
192.81.208.0/21   	192.81.208.0   	192.81.215.255 	255.255.248.0  	2046 	2048     	0.0.7.255
192.81.216.0/22   	192.81.216.0   	192.81.219.255 	255.255.252.0  	1022 	1024     	0.0.3.255
192.81.220.0/23   	192.81.220.0   	192.81.221.255 	255.255.254.0  	510  	512      	0.0.1.255
192.81.222.0/24   	192.81.222.0   	192.81.222.255 	255.255.255.0  	254  	256      	0.0.0.255
192.81.223.0/25   	192.81.223.0   	192.81.223.127 	255.255.255.128	126  	128      	0.0.0.127
192.81.223.128/26 	192.81.223.128 	192.81.223.191 	255.255.255.192	62   	64       	0.0.0.63
192.81.223.192/27 	192.81.223.192 	192.81.223.223 	255.255.255.224	30   	32       	0.0.0.31
192.81.223.224/28 	192.81.223.224 	192.81.223.239 	255.255.255.240	14   	16       	0.0.0.15
192.81.223.240/29 	192.81.223.240 	192.81.223.247 	255.255.255.248	6    	8        	0.0.0.7
192.81.223.248/30 	192.81.223.248 	192.81.223.251 	255.255.255.252	2    	4        	0.0.0.3
192.81.223.252/31 	192.81.223.252 	192.81.223.253 	255.255.255.254	2    	2        	0.0.0.1
192.81.223.254/32 	192.81.223.254 	192.81.223.254 	255.255.255.255	1    	1        	0.0.0.0
192.81.223.255/32 	192.81.223.255 	192.81.223.255 	255.255.255.255	1    	1        	0.0.0.0
165.22.0.0/17     	165.22.0.0     	165.22.127.255 	255.255.128.0  	32766	32768    	0.0.127.255
165.22.128.0/18   	165.22.128.0   	165.22.191.255 	255.255.192.0  	16382	16384    	0.0.63.255
165.22.192.0/19   	165.22.192.0   	165.22.223.255 	255.255.224.0  	8190 	8192     	0.0.31.255
165.22.224.0/20   	165.22.224.0   	165.22.239.255 	255.255.240.0  	4094 	4096     	0.0.15.255
165.22.240.0/21   	165.22.240.0   	165.22.247.255 	255.255.248.0  	2046 	2048     	0.0.7.255
165.22.248.0/22   	165.22.248.0   	165.22.251.255 	255.255.252.0  	1022 	1024     	0.0.3.255
165.22.252.0/23   	165.22.252.0   	165.22.253.255 	255.255.254.0  	510  	512      	0.0.1.255
165.22.254.0/24   	165.22.254.0   	165.22.254.255 	255.255.255.0  	254  	256      	0.0.0.255
165.22.255.0/25   	165.22.255.0   	165.22.255.127 	255.255.255.128	126  	128      	0.0.0.127
165.22.255.128/26 	165.22.255.128 	165.22.255.191 	255.255.255.192	62   	64       	0.0.0.63
165.22.255.192/27 	165.22.255.192 	165.22.255.223 	255.255.255.224	30   	32       	0.0.0.31
165.22.255.224/28 	165.22.255.224 	165.22.255.239 	255.255.255.240	14   	16       	0.0.0.15
165.22.255.240/29 	165.22.255.240 	165.22.255.247 	255.255.255.248	6    	8        	0.0.0.7
165.22.255.248/30 	165.22.255.248 	165.22.255.251 	255.255.255.252	2    	4        	0.0.0.3
165.22.255.252/31 	165.22.255.252 	165.22.255.253 	255.255.255.254	2    	2        	0.0.0.1
165.22.255.254/32 	165.22.255.254 	165.22.255.254 	255.255.255.255	1    	1        	0.0.0.0
165.22.255.255/32 	165.22.255.255 	165.22.255.255 	255.255.255.255	1    	1        	0.0.0.0
67.207.64.0/20    	67.207.64.0    	67.207.79.255  	255.255.240.0  	4094 	4096     	0.0.15.255
67.207.80.0/21    	67.207.80.0    	67.207.87.255  	255.255.248.0  	2046 	2048     	0.0.7.255
67.207.88.0/22    	67.207.88.0    	67.207.91.255  	255.255.252.0  	1022 	1024     	0.0.3.255
67.207.92.0/23    	67.207.92.0    	67.207.93.255  	255.255.254.0  	510  	512      	0.0.1.255
67.207.94.0/24    	67.207.94.0    	67.207.94.255  	255.255.255.0  	254  	256      	0.0.0.255
67.207.95.0/25    	67.207.95.0    	67.207.95.127  	255.255.255.128	126  	128      	0.0.0.127
67.207.95.128/26  	67.207.95.128  	67.207.95.191  	255.255.255.192	62   	64       	0.0.0.63
67.207.95.192/27  	67.207.95.192  	67.207.95.223  	255.255.255.224	30   	32       	0.0.0.31
67.207.95.224/28  	67.207.95.224  	67.207.95.239  	255.255.255.240	14   	16       	0.0.0.15
67.207.95.240/29  	67.207.95.240  	67.207.95.247  	255.255.255.248	6    	8        	0.0.0.7
67.207.95.248/30  	67.207.95.248  	67.207.95.251  	255.255.255.252	2    	4        	0.0.0.3
67.207.95.252/31  	67.207.95.252  	67.207.95.253  	255.255.255.254	2    	2        	0.0.0.1
67.207.95.254/32  	67.207.95.254  	67.207.95.254  	255.255.255.255	1    	1        	0.0.0.0
67.207.95.255/32  	67.207.95.255  	67.207.95.255  	255.255.255.255	1    	1        	0.0.0.0
207.154.192.0/19  	207.154.192.0  	207.154.223.255	255.255.224.0  	8190 	8192     	0.0.31.255
207.154.224.0/20  	207.154.224.0  	207.154.239.255	255.255.240.0  	4094 	4096     	0.0.15.255
207.154.240.0/21  	207.154.240.0  	207.154.247.255	255.255.248.0  	2046 	2048     	0.0.7.255
207.154.248.0/22  	207.154.248.0  	207.154.251.255	255.255.252.0  	1022 	1024     	0.0.3.255
207.154.252.0/23  	207.154.252.0  	207.154.253.255	255.255.254.0  	510  	512      	0.0.1.255
207.154.254.0/24  	207.154.254.0  	207.154.254.255	255.255.255.0  	254  	256      	0.0.0.255
207.154.255.0/25  	207.154.255.0  	207.154.255.127	255.255.255.128	126  	128      	0.0.0.127
207.154.255.128/26	207.154.255.128	207.154.255.191	255.255.255.192	62   	64       	0.0.0.63
207.154.255.192/27	207.154.255.192	207.154.255.223	255.255.255.224	30   	32       	0.0.0.31
207.154.255.224/28	207.154.255.224	207.154.255.239	255.255.255.240	14   	16       	0.0.0.15
207.154.255.240/29	207.154.255.240	207.154.255.247	255.255.255.248	6    	8        	0.0.0.7
207.154.255.248/30	207.154.255.248	207.154.255.251	255.255.255.252	2    	4        	0.0.0.3
207.154.255.252/31	207.154.255.252	207.154.255.253	255.255.255.254	2    	2        	0.0.0.1
207.154.255.254/32	207.154.255.254	207.154.255.254	255.255.255.255	1    	1        	0.0.0.0
207.154.255.255/32	207.154.255.255	207.154.255.255	255.255.255.255	1    	1        	0.0.0.0
142.93.0.0/17     	142.93.0.0     	142.93.127.255 	255.255.128.0  	32766	32768    	0.0.127.255
142.93.128.0/18   	142.93.128.0   	142.93.191.255 	255.255.192.0  	16382	16384    	0.0.63.255
142.93.192.0/19   	142.93.192.0   	142.93.223.255 	255.255.224.0  	8190 	8192     	0.0.31.255
142.93.224.0/20   	142.93.224.0   	142.93.239.255 	255.255.240.0  	4094 	4096     	0.0.15.255
142.93.240.0/21   	142.93.240.0   	142.93.247.255 	255.255.248.0  	2046 	2048     	0.0.7.255
142.93.248.0/22   	142.93.248.0   	142.93.251.255 	255.255.252.0  	1022 	1024     	0.0.3.255
142.93.252.0/23   	142.93.252.0   	142.93.253.255 	255.255.254.0  	510  	512      	0.0.1.255
142.93.254.0/24   	142.93.254.0   	142.93.254.255 	255.255.255.0  	254  	256      	0.0.0.255
142.93.255.0/25   	142.93.255.0   	142.93.255.127 	255.255.255.128	126  	128      	0.0.0.127
142.93.255.128/26 	142.93.255.128 	142.93.255.191 	255.255.255.192	62   	64       	0.0.0.63
142.93.255.192/27 	142.93.255.192 	142.93.255.223 	255.255.255.224	30   	32       	0.0.0.31
142.93.255.224/28 	142.93.255.224 	142.93.255.239 	255.255.255.240	14   	16       	0.0.0.15
142.93.255.240/29 	142.93.255.240 	142.93.255.247 	255.255.255.248	6    	8        	0.0.0.7
142.93.255.248/30 	142.93.255.248 	142.93.255.251 	255.255.255.252	2    	4        	0.0.0.3
142.93.255.252/31 	142.93.255.252 	142.93.255.253 	255.255.255.254	2    	2        	0.0.0.1
142.93.255.254/32 	142.93.255.254 	142.93.255.254 	255.255.255.255	1    	1        	0.0.0.0
142.93.255.255/32 	142.93.255.255 	142.93.255.255 	255.255.255.255	1    	1        	0.0.0.0
188.166.0.0/18    	188.166.0.0    	188.166.63.255 	255.255.192.0  	16382	16384    	0.0.63.255
188.166.64.0/19   	188.166.64.0   	188.166.95.255 	255.255.224.0  	8190 	8192     	0.0.31.255
188.166.96.0/20   	188.166.96.0   	188.166.111.255	255.255.240.0  	4094 	4096     	0.0.15.255
188.166.112.0/21  	188.166.112.0  	188.166.119.255	255.255.248.0  	2046 	2048     	0.0.7.255
188.166.120.0/22  	188.166.120.0  	188.166.123.255	255.255.252.0  	1022 	1024     	0.0.3.255
188.166.124.0/23  	188.166.124.0  	188.166.125.255	255.255.254.0  	510  	512      	0.0.1.255
188.166.126.0/24  	188.166.126.0  	188.166.126.255	255.255.255.0  	254  	256      	0.0.0.255
188.166.127.0/25  	188.166.127.0  	188.166.127.127	255.255.255.128	126  	128      	0.0.0.127
188.166.127.128/26	188.166.127.128	188.166.127.191	255.255.255.192	62   	64       	0.0.0.63
188.166.127.192/27	188.166.127.192	188.166.127.223	255.255.255.224	30   	32       	0.0.0.31
188.166.127.224/28	188.166.127.224	188.166.127.239	255.255.255.240	14   	16       	0.0.0.15
188.166.127.240/29	188.166.127.240	188.166.127.247	255.255.255.248	6    	8        	0.0.0.7
188.166.127.248/30	188.166.127.248	188.166.127.251	255.255.255.252	2    	4        	0.0.0.3
188.166.127.252/31	188.166.127.252	188.166.127.253	255.255.255.254	2    	2        	0.0.0.1
188.166.127.254/32	188.166.127.254	188.166.127.254	255.255.255.255	1    	1        	0.0.0.0
188.166.127.255/32	188.166.127.255	188.166.127.255	255.255.255.255	1    	1        	0.0.0.0
68.183.0.0/17     	68.183.0.0     	68.183.127.255 	255.255.128.0  	32766	32768    	0.0.127.255
68.183.128.0/18   	68.183.128.0   	68.183.191.255 	255.255.192.0  	16382	16384    	0.0.63.255
68.183.192.0/19   	68.183.192.0   	68.183.223.255 	255.255.224.0  	8190 	8192     	0.0.31.255
68.183.224.0/20   	68.183.224.0   	68.183.239.255 	255.255.240.0  	4094 	4096     	0.0.15.255
68.183.240.0/21   	68.183.240.0   	68.183.247.255 	255.255.248.0  	2046 	2048     	0.0.7.255
68.183.248.0/22   	68.183.248.0   	68.183.251.255 	255.255.252.0  	1022 	1024     	0.0.3.255
68.183.252.0/23   	68.183.252.0   	68.183.253.255 	255.255.254.0  	510  	512      	0.0.1.255
68.183.254.0/24   	68.183.254.0   	68.183.254.255 	255.255.255.0  	254  	256      	0.0.0.255
68.183.255.0/25   	68.183.255.0   	68.183.255.127 	255.255.255.128	126  	128      	0.0.0.127
68.183.255.128/26 	68.183.255.128 	68.183.255.191 	255.255.255.192	62   	64       	0.0.0.63
68.183.255.192/27 	68.183.255.192 	68.183.255.223 	255.255.255.224	30   	32       	0.0.0.31
68.183.255.224/28 	68.183.255.224 	68.183.255.239 	255.255.255.240	14   	16       	0.0.0.15
68.183.255.240/29 	68.183.255.240 	68.183.255.247 	255.255.255.248	6    	8        	0.0.0.7
68.183.255.248/30 	68.183.255.248 	68.183.255.251 	255.255.255.252	2    	4        	0.0.0.3
68.183.255.252/31 	68.183.255.252 	68.183.255.253 	255.255.255.254	2    	2        	0.0.0.1
68.183.255.254/32 	68.183.255.254 	68.183.255.254 	255.255.255.255	1    	1        	0.0.0.0
68.183.255.255/32 	68.183.255.255 	68.183.255.255 	255.255.255.255	1    	1        	0.0.0.0
165.232.32.0/19   	165.232.32.0   	165.232.63.255 	255.255.224.0  	8190 	8192     	0.0.31.255
165.232.64.0/18   	165.232.64.0   	165.232.127.255	255.255.192.0  	16382	16384    	0.0.63.255
165.232.128.0/19  	165.232.128.0  	165.232.159.255	255.255.224.0  	8190 	8192     	0.0.31.255
165.232.160.0/20  	165.232.160.0  	165.232.175.255	255.255.240.0  	4094 	4096     	0.0.15.255
165.232.176.0/21  	165.232.176.0  	165.232.183.255	255.255.248.0  	2046 	2048     	0.0.7.255
165.232.184.0/22  	165.232.184.0  	165.232.187.255	255.255.252.0  	1022 	1024     	0.0.3.255
165.232.188.0/23  	165.232.188.0  	165.232.189.255	255.255.254.0  	510  	512      	0.0.1.255
165.232.190.0/24  	165.232.190.0  	165.232.190.255	255.255.255.0  	254  	256      	0.0.0.255
165.232.191.0/25  	165.232.191.0  	165.232.191.127	255.255.255.128	126  	128      	0.0.0.127
165.232.191.128/26	165.232.191.128	165.232.191.191	255.255.255.192	62   	64       	0.0.0.63
165.232.191.192/27	165.232.191.192	165.232.191.223	255.255.255.224	30   	32       	0.0.0.31
165.232.191.224/28	165.232.191.224	165.232.191.239	255.255.255.240	14   	16       	0.0.0.15
165.232.191.240/29	165.232.191.240	165.232.191.247	255.255.255.248	6    	8        	0.0.0.7
165.232.191.248/30	165.232.191.248	165.232.191.251	255.255.255.252	2    	4        	0.0.0.3
165.232.191.252/31	165.232.191.252	165.232.191.253	255.255.255.254	2    	2        	0.0.0.1
165.232.191.254/32	165.232.191.254	165.232.191.254	255.255.255.255	1    	1        	0.0.0.0
165.232.191.255/32	165.232.191.255	165.232.191.255	255.255.255.255	1    	1        	0.0.0.0
134.209.0.0/17    	134.209.0.0    	134.209.127.255	255.255.128.0  	32766	32768    	0.0.127.255
134.209.128.0/18  	134.209.128.0  	134.209.191.255	255.255.192.0  	16382	16384    	0.0.63.255
134.209.192.0/19  	134.209.192.0  	134.209.223.255	255.255.224.0  	8190 	8192     	0.0.31.255
134.209.224.0/20  	134.209.224.0  	134.209.239.255	255.255.240.0  	4094 	4096     	0.0.15.255
134.209.240.0/21  	134.209.240.0  	134.209.247.255	255.255.248.0  	2046 	2048     	0.0.7.255
134.209.248.0/22  	134.209.248.0  	134.209.251.255	255.255.252.0  	1022 	1024     	0.0.3.255
134.209.252.0/23  	134.209.252.0  	134.209.253.255	255.255.254.0  	510  	512      	0.0.1.255
134.209.254.0/24  	134.209.254.0  	134.209.254.255	255.255.255.0  	254  	256      	0.0.0.255
134.209.255.0/25  	134.209.255.0  	134.209.255.127	255.255.255.128	126  	128      	0.0.0.127
134.209.255.128/26	134.209.255.128	134.209.255.191	255.255.255.192	62   	64       	0.0.0.63
134.209.255.192/27	134.209.255.192	134.209.255.223	255.255.255.224	30   	32       	0.0.0.31
134.209.255.224/28	134.209.255.224	134.209.255.239	255.255.255.240	14   	16       	0.0.0.15
134.209.255.240/29	134.209.255.240	134.209.255.247	255.255.255.248	6    	8        	0.0.0.7
134.209.255.248/30	134.209.255.248	134.209.255.251	255.255.255.252	2    	4        	0.0.0.3
134.209.255.252/31	134.209.255.252	134.209.255.253	255.255.255.254	2    	2        	0.0.0.1
134.209.255.254/32	134.209.255.254	134.209.255.254	255.255.255.255	1    	1        	0.0.0.0
134.209.255.255/32	134.209.255.255	134.209.255.255	255.255.255.255	1    	1        	0.0.0.0
137.184.0.0/17    	137.184.0.0    	137.184.127.255	255.255.128.0  	32766	32768    	0.0.127.255
137.184.128.0/18  	137.184.128.0  	137.184.191.255	255.255.192.0  	16382	16384    	0.0.63.255
137.184.192.0/19  	137.184.192.0  	137.184.223.255	255.255.224.0  	8190 	8192     	0.0.31.255
137.184.224.0/20  	137.184.224.0  	137.184.239.255	255.255.240.0  	4094 	4096     	0.0.15.255
137.184.240.0/21  	137.184.240.0  	137.184.247.255	255.255.248.0  	2046 	2048     	0.0.7.255
137.184.248.0/22  	137.184.248.0  	137.184.251.255	255.255.252.0  	1022 	1024     	0.0.3.255
137.184.252.0/23  	137.184.252.0  	137.184.253.255	255.255.254.0  	510  	512      	0.0.1.255
137.184.254.0/24  	137.184.254.0  	137.184.254.255	255.255.255.0  	254  	256      	0.0.0.255
137.184.255.0/25  	137.184.255.0  	137.184.255.127	255.255.255.128	126  	128      	0.0.0.127
137.184.255.128/26	137.184.255.128	137.184.255.191	255.255.255.192	62   	64       	0.0.0.63
137.184.255.192/27	137.184.255.192	137.184.255.223	255.255.255.224	30   	32       	0.0.0.31
137.184.255.224/28	137.184.255.224	137.184.255.239	255.255.255.240	14   	16       	0.0.0.15
137.184.255.240/29	137.184.255.240	137.184.255.247	255.255.255.248	6    	8        	0.0.0.7
137.184.255.248/30	137.184.255.248	137.184.255.251	255.255.255.252	2    	4        	0.0.0.3
137.184.255.252/31	137.184.255.252	137.184.255.253	255.255.255.254	2    	2        	0.0.0.1
137.184.255.254/32	137.184.255.254	137.184.255.254	255.255.255.255	1    	1        	0.0.0.0
137.184.255.255/32	137.184.255.255	137.184.255.255	255.255.255.255	1    	1        	0.0.0.0
128.199.0.0/17    	128.199.0.0    	128.199.127.255	255.255.128.0  	32766	32768    	0.0.127.255
128.199.128.0/18  	128.199.128.0  	128.199.191.255	255.255.192.0  	16382	16384    	0.0.63.255
128.199.192.0/19  	128.199.192.0  	128.199.223.255	255.255.224.0  	8190 	8192     	0.0.31.255
128.199.224.0/20  	128.199.224.0  	128.199.239.255	255.255.240.0  	4094 	4096     	0.0.15.255
128.199.240.0/21  	128.199.240.0  	128.199.247.255	255.255.248.0  	2046 	2048     	0.0.7.255
128.199.248.0/22  	128.199.248.0  	128.199.251.255	255.255.252.0  	1022 	1024     	0.0.3.255
128.199.252.0/23  	128.199.252.0  	128.199.253.255	255.255.254.0  	510  	512      	0.0.1.255
128.199.254.0/24  	128.199.254.0  	128.199.254.255	255.255.255.0  	254  	256      	0.0.0.255
128.199.255.0/25  	128.199.255.0  	128.199.255.127	255.255.255.128	126  	128      	0.0.0.127
128.199.255.128/26	128.199.255.128	128.199.255.191	255.255.255.192	62   	64       	0.0.0.63
128.199.255.192/27	128.199.255.192	128.199.255.223	255.255.255.224	30   	32       	0.0.0.31
128.199.255.224/28	128.199.255.224	128.199.255.239	255.255.255.240	14   	16       	0.0.0.15
128.199.255.240/29	128.199.255.240	128.199.255.247	255.255.255.248	6    	8        	0.0.0.7
128.199.255.248/30	128.199.255.248	128.199.255.251	255.255.255.252	2    	4        	0.0.0.3
128.199.255.252/31	128.199.255.252	128.199.255.253	255.255.255.254	2    	2        	0.0.0.1
128.199.255.254/32	128.199.255.254	128.199.255.254	255.255.255.255	1    	1        	0.0.0.0
128.199.255.255/32	128.199.255.255	128.199.255.255	255.255.255.255	1    	1        	0.0.0.0
164.90.128.0/18   	164.90.128.0   	164.90.191.255 	255.255.192.0  	16382	16384    	0.0.63.255
164.90.192.0/19   	164.90.192.0   	164.90.223.255 	255.255.224.0  	8190 	8192     	0.0.31.255
164.90.224.0/20   	164.90.224.0   	164.90.239.255 	255.255.240.0  	4094 	4096     	0.0.15.255
164.90.240.0/21   	164.90.240.0   	164.90.247.255 	255.255.248.0  	2046 	2048     	0.0.7.255
164.90.248.0/22   	164.90.248.0   	164.90.251.255 	255.255.252.0  	1022 	1024     	0.0.3.255
164.90.252.0/23   	164.90.252.0   	164.90.253.255 	255.255.254.0  	510  	512      	0.0.1.255
164.90.254.0/24   	164.90.254.0   	164.90.254.255 	255.255.255.0  	254  	256      	0.0.0.255
164.90.255.0/25   	164.90.255.0   	164.90.255.127 	255.255.255.128	126  	128      	0.0.0.127
164.90.255.128/26 	164.90.255.128 	164.90.255.191 	255.255.255.192	62   	64       	0.0.0.63
164.90.255.192/27 	164.90.255.192 	164.90.255.223 	255.255.255.224	30   	32       	0.0.0.31
164.90.255.224/28 	164.90.255.224 	164.90.255.239 	255.255.255.240	14   	16       	0.0.0.15
164.90.255.240/29 	164.90.255.240 	164.90.255.247 	255.255.255.248	6    	8        	0.0.0.7
164.90.255.248/30 	164.90.255.248 	164.90.255.251 	255.255.255.252	2    	4        	0.0.0.3
164.90.255.252/31 	164.90.255.252 	164.90.255.253 	255.255.255.254	2    	2        	0.0.0.1
164.90.255.254/32 	164.90.255.254 	164.90.255.254 	255.255.255.255	1    	1        	0.0.0.0
164.90.255.255/32 	164.90.255.255 	164.90.255.255 	255.255.255.255	1    	1        	0.0.0.0
104.236.0.0/17    	104.236.0.0    	104.236.127.255	255.255.128.0  	32766	32768    	0.0.127.255
104.236.128.0/18  	104.236.128.0  	104.236.191.255	255.255.192.0  	16382	16384    	0.0.63.255
104.236.192.0/19  	104.236.192.0  	104.236.223.255	255.255.224.0  	8190 	8192     	0.0.31.255
104.236.224.0/20  	104.236.224.0  	104.236.239.255	255.255.240.0  	4094 	4096     	0.0.15.255
104.236.240.0/21  	104.236.240.0  	104.236.247.255	255.255.248.0  	2046 	2048     	0.0.7.255
104.236.248.0/22  	104.236.248.0  	104.236.251.255	255.255.252.0  	1022 	1024     	0.0.3.255
104.236.252.0/23  	104.236.252.0  	104.236.253.255	255.255.254.0  	510  	512      	0.0.1.255
104.236.254.0/24  	104.236.254.0  	104.236.254.255	255.255.255.0  	254  	256      	0.0.0.255
104.236.255.0/25  	104.236.255.0  	104.236.255.127	255.255.255.128	126  	128      	0.0.0.127
104.236.255.128/26	104.236.255.128	104.236.255.191	255.255.255.192	62   	64       	0.0.0.63
104.236.255.192/27	104.236.255.192	104.236.255.223	255.255.255.224	30   	32       	0.0.0.31
104.236.255.224/28	104.236.255.224	104.236.255.239	255.255.255.240	14   	16       	0.0.0.15
104.236.255.240/29	104.236.255.240	104.236.255.247	255.255.255.248	6    	8        	0.0.0.7
104.236.255.248/30	104.236.255.248	104.236.255.251	255.255.255.252	2    	4        	0.0.0.3
104.236.255.252/31	104.236.255.252	104.236.255.253	255.255.255.254	2    	2        	0.0.0.1
104.236.255.254/32	104.236.255.254	104.236.255.254	255.255.255.255	1    	1        	0.0.0.0
104.236.255.255/32	104.236.255.255	104.236.255.255	255.255.255.255	1    	1        	0.0.0.0
107.170.0.0/17    	107.170.0.0    	107.170.127.255	255.255.128.0  	32766	32768    	0.0.127.255
107.170.128.0/18  	107.170.128.0  	107.170.191.255	255.255.192.0  	16382	16384    	0.0.63.255
107.170.192.0/19  	107.170.192.0  	107.170.223.255	255.255.224.0  	8190 	8192     	0.0.31.255
107.170.224.0/20  	107.170.224.0  	107.170.239.255	255.255.240.0  	4094 	4096     	0.0.15.255
107.170.240.0/21  	107.170.240.0  	107.170.247.255	255.255.248.0  	2046 	2048     	0.0.7.255
107.170.248.0/22  	107.170.248.0  	107.170.251.255	255.255.252.0  	1022 	1024     	0.0.3.255
107.170.252.0/23  	107.170.252.0  	107.170.253.255	255.255.254.0  	510  	512      	0.0.1.255
107.170.254.0/24  	107.170.254.0  	107.170.254.255	255.255.255.0  	254  	256      	0.0.0.255
107.170.255.0/25  	107.170.255.0  	107.170.255.127	255.255.255.128	126  	128      	0.0.0.127
107.170.255.128/26	107.170.255.128	107.170.255.191	255.255.255.192	62   	64       	0.0.0.63
107.170.255.192/27	107.170.255.192	107.170.255.223	255.255.255.224	30   	32       	0.0.0.31
107.170.255.224/28	107.170.255.224	107.170.255.239	255.255.255.240	14   	16       	0.0.0.15
107.170.255.240/29	107.170.255.240	107.170.255.247	255.255.255.248	6    	8        	0.0.0.7
107.170.255.248/30	107.170.255.248	107.170.255.251	255.255.255.252	2    	4        	0.0.0.3
107.170.255.252/31	107.170.255.252	107.170.255.253	255.255.255.254	2    	2        	0.0.0.1
107.170.255.254/32	107.170.255.254	107.170.255.254	255.255.255.255	1    	1        	0.0.0.0
107.170.255.255/32	107.170.255.255	107.170.255.255	255.255.255.255	1    	1        	0.0.0.0
167.71.0.0/17     	167.71.0.0     	167.71.127.255 	255.255.128.0  	32766	32768    	0.0.127.255
167.71.128.0/18   	167.71.128.0   	167.71.191.255 	255.255.192.0  	16382	16384    	0.0.63.255
167.71.192.0/19   	167.71.192.0   	167.71.223.255 	255.255.224.0  	8190 	8192     	0.0.31.255
167.71.224.0/20   	167.71.224.0   	167.71.239.255 	255.255.240.0  	4094 	4096     	0.0.15.255
167.71.240.0/21   	167.71.240.0   	167.71.247.255 	255.255.248.0  	2046 	2048     	0.0.7.255
167.71.248.0/22   	167.71.248.0   	167.71.251.255 	255.255.252.0  	1022 	1024     	0.0.3.255
167.71.252.0/23   	167.71.252.0   	167.71.253.255 	255.255.254.0  	510  	512      	0.0.1.255
167.71.254.0/24   	167.71.254.0   	167.71.254.255 	255.255.255.0  	254  	256      	0.0.0.255
167.71.255.0/25   	167.71.255.0   	167.71.255.127 	255.255.255.128	126  	128      	0.0.0.127
167.71.255.128/26 	167.71.255.128 	167.71.255.191 	255.255.255.192	62   	64       	0.0.0.63
167.71.255.192/27 	167.71.255.192 	167.71.255.223 	255.255.255.224	30   	32       	0.0.0.31
167.71.255.224/28 	167.71.255.224 	167.71.255.239 	255.255.255.240	14   	16       	0.0.0.15
167.71.255.240/29 	167.71.255.240 	167.71.255.247 	255.255.255.248	6    	8        	0.0.0.7
167.71.255.248/30 	167.71.255.248 	167.71.255.251 	255.255.255.252	2    	4        	0.0.0.3
167.71.255.252/31 	167.71.255.252 	167.71.255.253 	255.255.255.254	2    	2        	0.0.0.1
167.71.255.254/32 	167.71.255.254 	167.71.255.254 	255.255.255.255	1    	1        	0.0.0.0
167.71.255.255/32 	167.71.255.255 	167.71.255.255 	255.255.255.255	1    	1        	0.0.0.0
168.144.0.0/17    	168.144.0.0    	168.144.127.255	255.255.128.0  	32766	32768    	0.0.127.255
168.144.128.0/18  	168.144.128.0  	168.144.191.255	255.255.192.0  	16382	16384    	0.0.63.255
168.144.192.0/19  	168.144.192.0  	168.144.223.255	255.255.224.0  	8190 	8192     	0.0.31.255
168.144.224.0/20  	168.144.224.0  	168.144.239.255	255.255.240.0  	4094 	4096     	0.0.15.255
168.144.240.0/21  	168.144.240.0  	168.144.247.255	255.255.248.0  	2046 	2048     	0.0.7.255
168.144.248.0/22  	168.144.248.0  	168.144.251.255	255.255.252.0  	1022 	1024     	0.0.3.255
168.144.252.0/23  	168.144.252.0  	168.144.253.255	255.255.254.0  	510  	512      	0.0.1.255
168.144.254.0/24  	168.144.254.0  	168.144.254.255	255.255.255.0  	254  	256      	0.0.0.255
168.144.255.0/25  	168.144.255.0  	168.144.255.127	255.255.255.128	126  	128      	0.0.0.127
168.144.255.128/26	168.144.255.128	168.144.255.191	255.255.255.192	62   	64       	0.0.0.63
168.144.255.192/27	168.144.255.192	168.144.255.223	255.255.255.224	30   	32       	0.0.0.31
168.144.255.224/28	168.144.255.224	168.144.255.239	255.255.255.240	14   	16       	0.0.0.15
168.144.255.240/29	168.144.255.240	168.144.255.247	255.255.255.248	6    	8        	0.0.0.7
168.144.255.248/30	168.144.255.248	168.144.255.251	255.255.255.252	2    	4        	0.0.0.3
168.144.255.252/31	168.144.255.252	168.144.255.253	255.255.255.254	2    	2        	0.0.0.1
168.144.255.254/32	168.144.255.254	168.144.255.254	255.255.255.255	1    	1        	0.0.0.0
168.144.255.255/32	168.144.255.255	168.144.255.255	255.255.255.255	1    	1        	0.0.0.0
80.240.128.0/21   	80.240.128.0   	80.240.135.255 	255.255.248.0  	2046 	2048     	0.0.7.255
80.240.136.0/22   	80.240.136.0   	80.240.139.255 	255.255.252.0  	1022 	1024     	0.0.3.255
80.240.140.0/23   	80.240.140.0   	80.240.141.255 	255.255.254.0  	510  	512      	0.0.1.255
80.240.142.0/24   	80.240.142.0   	80.240.142.255 	255.255.255.0  	254  	256      	0.0.0.255
80.240.143.0/25   	80.240.143.0   	80.240.143.127 	255.255.255.128	126  	128      	0.0.0.127
80.240.143.128/26 	80.240.143.128 	80.240.143.191 	255.255.255.192	62   	64       	0.0.0.63
80.240.143.192/27 	80.240.143.192 	80.240.143.223 	255.255.255.224	30   	32       	0.0.0.31
80.240.143.224/28 	80.240.143.224 	80.240.143.239 	255.255.255.240	14   	16       	0.0.0.15
80.240.143.240/29 	80.240.143.240 	80.240.143.247 	255.255.255.248	6    	8        	0.0.0.7
80.240.143.248/30 	80.240.143.248 	80.240.143.251 	255.255.255.252	2    	4        	0.0.0.3
80.240.143.252/31 	80.240.143.252 	80.240.143.253 	255.255.255.254	2    	2        	0.0.0.1
80.240.143.254/32 	80.240.143.254 	80.240.143.254 	255.255.255.255	1    	1        	0.0.0.0
80.240.143.255/32 	80.240.143.255 	80.240.143.255 	255.255.255.255	1    	1        	0.0.0.0
208.68.36.0/23    	208.68.36.0    	208.68.37.255  	255.255.254.0  	510  	512      	0.0.1.255
208.68.38.0/24    	208.68.38.0    	208.68.38.255  	255.255.255.0  	254  	256      	0.0.0.255
208.68.39.0/25    	208.68.39.0    	208.68.39.127  	255.255.255.128	126  	128      	0.0.0.127
208.68.39.128/26  	208.68.39.128  	208.68.39.191  	255.255.255.192	62   	64       	0.0.0.63
208.68.39.192/27  	208.68.39.192  	208.68.39.223  	255.255.255.224	30   	32       	0.0.0.31
208.68.39.224/28  	208.68.39.224  	208.68.39.239  	255.255.255.240	14   	16       	0.0.0.15
208.68.39.240/29  	208.68.39.240  	208.68.39.247  	255.255.255.248	6    	8        	0.0.0.7
208.68.39.248/30  	208.68.39.248  	208.68.39.251  	255.255.255.252	2    	4        	0.0.0.3
208.68.39.252/31  	208.68.39.252  	208.68.39.253  	255.255.255.254	2    	2        	0.0.0.1
208.68.39.254/32  	208.68.39.254  	208.68.39.254  	255.255.255.255	1    	1        	0.0.0.0
208.68.39.255/32  	208.68.39.255  	208.68.39.255  	255.255.255.255	1    	1        	0.0.0.0
64.227.128.0/19   	64.227.128.0   	64.227.159.255 	255.255.224.0  	8190 	8192     	0.0.31.255
64.227.160.0/20   	64.227.160.0   	64.227.175.255 	255.255.240.0  	4094 	4096     	0.0.15.255
64.227.176.0/21   	64.227.176.0   	64.227.183.255 	255.255.248.0  	2046 	2048     	0.0.7.255
64.227.184.0/22   	64.227.184.0   	64.227.187.255 	255.255.252.0  	1022 	1024     	0.0.3.255
64.227.188.0/23   	64.227.188.0   	64.227.189.255 	255.255.254.0  	510  	512      	0.0.1.255
64.227.190.0/24   	64.227.190.0   	64.227.190.255 	255.255.255.0  	254  	256      	0.0.0.255
64.227.191.0/25   	64.227.191.0   	64.227.191.127 	255.255.255.128	126  	128      	0.0.0.127
64.227.191.128/26 	64.227.191.128 	64.227.191.191 	255.255.255.192	62   	64       	0.0.0.63
64.227.191.192/27 	64.227.191.192 	64.227.191.223 	255.255.255.224	30   	32       	0.0.0.31
64.227.191.224/28 	64.227.191.224 	64.227.191.239 	255.255.255.240	14   	16       	0.0.0.15
64.227.191.240/29 	64.227.191.240 	64.227.191.247 	255.255.255.248	6    	8        	0.0.0.7
64.227.191.248/30 	64.227.191.248 	64.227.191.251 	255.255.255.252	2    	4        	0.0.0.3
64.227.191.252/31 	64.227.191.252 	64.227.191.253 	255.255.255.254	2    	2        	0.0.0.1
64.227.191.254/32 	64.227.191.254 	64.227.191.254 	255.255.255.255	1    	1        	0.0.0.0
64.227.191.255/32 	64.227.191.255 	64.227.191.255 	255.255.255.255	1    	1        	0.0.0.0
206.81.0.0/20     	206.81.0.0     	206.81.15.255  	255.255.240.0  	4094 	4096     	0.0.15.255
206.81.16.0/21    	206.81.16.0    	206.81.23.255  	255.255.248.0  	2046 	2048     	0.0.7.255
206.81.24.0/22    	206.81.24.0    	206.81.27.255  	255.255.252.0  	1022 	1024     	0.0.3.255
206.81.28.0/23    	206.81.28.0    	206.81.29.255  	255.255.254.0  	510  	512      	0.0.1.255
206.81.30.0/24    	206.81.30.0    	206.81.30.255  	255.255.255.0  	254  	256      	0.0.0.255
206.81.31.0/25    	206.81.31.0    	206.81.31.127  	255.255.255.128	126  	128      	0.0.0.127
206.81.31.128/26  	206.81.31.128  	206.81.31.191  	255.255.255.192	62   	64       	0.0.0.63
206.81.31.192/27  	206.81.31.192  	206.81.31.223  	255.255.255.224	30   	32       	0.0.0.31
206.81.31.224/28  	206.81.31.224  	206.81.31.239  	255.255.255.240	14   	16       	0.0.0.15
206.81.31.240/29  	206.81.31.240  	206.81.31.247  	255.255.255.248	6    	8        	0.0.0.7
206.81.31.248/30  	206.81.31.248  	206.81.31.251  	255.255.255.252	2    	4        	0.0.0.3
206.81.31.252/31  	206.81.31.252  	206.81.31.253  	255.255.255.254	2    	2        	0.0.0.1
206.81.31.254/32  	206.81.31.254  	206.81.31.254  	255.255.255.255	1    	1        	0.0.0.0
206.81.31.255/32  	206.81.31.255  	206.81.31.255  	255.255.255.255	1    	1        	0.0.0.0
185.14.184.0/23   	185.14.184.0   	185.14.185.255 	255.255.254.0  	510  	512      	0.0.1.255
185.14.186.0/25   	185.14.186.0   	185.14.186.127 	255.255.255.128	126  	128      	0.0.0.127
185.14.186.128/26 	185.14.186.128 	185.14.186.191 	255.255.255.192	62   	64       	0.0.0.63
185.14.186.192/27 	185.14.186.192 	185.14.186.223 	255.255.255.224	30   	32       	0.0.0.31
185.14.186.224/28 	185.14.186.224 	185.14.186.239 	255.255.255.240	14   	16       	0.0.0.15
185.14.186.240/29 	185.14.186.240 	185.14.186.247 	255.255.255.248	6    	8        	0.0.0.7
185.14.186.248/30 	185.14.186.248 	185.14.186.251 	255.255.255.252	2    	4        	0.0.0.3
185.14.186.252/31 	185.14.186.252 	185.14.186.253 	255.255.255.254	2    	2        	0.0.0.1
185.14.186.254/32 	185.14.186.254 	185.14.186.254 	255.255.255.255	1    	1        	0.0.0.0
185.14.186.255/32 	185.14.186.255 	185.14.186.255 	255.255.255.255	1    	1        	0.0.0.0
143.110.128.0/18  	143.110.128.0  	143.110.191.255	255.255.192.0  	16382	16384    	0.0.63.255
143.110.192.0/19  	143.110.192.0  	143.110.223.255	255.255.224.0  	8190 	8192     	0.0.31.255
143.110.224.0/20  	143.110.224.0  	143.110.239.255	255.255.240.0  	4094 	4096     	0.0.15.255
143.110.240.0/21  	143.110.240.0  	143.110.247.255	255.255.248.0  	2046 	2048     	0.0.7.255
143.110.248.0/22  	143.110.248.0  	143.110.251.255	255.255.252.0  	1022 	1024     	0.0.3.255
143.110.252.0/23  	143.110.252.0  	143.110.253.255	255.255.254.0  	510  	512      	0.0.1.255
143.110.254.0/24  	143.110.254.0  	143.110.254.255	255.255.255.0  	254  	256      	0.0.0.255
143.110.255.0/25  	143.110.255.0  	143.110.255.127	255.255.255.128	126  	128      	0.0.0.127
143.110.255.128/26	143.110.255.128	143.110.255.191	255.255.255.192	62   	64       	0.0.0.63
143.110.255.192/27	143.110.255.192	143.110.255.223	255.255.255.224	30   	32       	0.0.0.31
143.110.255.224/28	143.110.255.224	143.110.255.239	255.255.255.240	14   	16       	0.0.0.15
143.110.255.240/29	143.110.255.240	143.110.255.247	255.255.255.248	6    	8        	0.0.0.7
143.110.255.248/30	143.110.255.248	143.110.255.251	255.255.255.252	2    	4        	0.0.0.3
143.110.255.252/31	143.110.255.252	143.110.255.253	255.255.255.254	2    	2        	0.0.0.1
143.110.255.254/32	143.110.255.254	143.110.255.254	255.255.255.255	1    	1        	0.0.0.0
143.110.255.255/32	143.110.255.255	143.110.255.255	255.255.255.255	1    	1        	0.0.0.0
144.126.192.0/19  	144.126.192.0  	144.126.223.255	255.255.224.0  	8190 	8192     	0.0.31.255
144.126.224.0/20  	144.126.224.0  	144.126.239.255	255.255.240.0  	4094 	4096     	0.0.15.255
144.126.240.0/21  	144.126.240.0  	144.126.247.255	255.255.248.0  	2046 	2048     	0.0.7.255
144.126.248.0/22  	144.126.248.0  	144.126.251.255	255.255.252.0  	1022 	1024     	0.0.3.255
144.126.252.0/23  	144.126.252.0  	144.126.253.255	255.255.254.0  	510  	512      	0.0.1.255
144.126.254.0/24  	144.126.254.0  	144.126.254.255	255.255.255.0  	254  	256      	0.0.0.255
144.126.255.0/25  	144.126.255.0  	144.126.255.127	255.255.255.128	126  	128      	0.0.0.127
144.126.255.128/26	144.126.255.128	144.126.255.191	255.255.255.192	62   	64       	0.0.0.63
144.126.255.192/27	144.126.255.192	144.126.255.223	255.255.255.224	30   	32       	0.0.0.31
144.126.255.224/28	144.126.255.224	144.126.255.239	255.255.255.240	14   	16       	0.0.0.15
144.126.255.240/29	144.126.255.240	144.126.255.247	255.255.255.248	6    	8        	0.0.0.7
144.126.255.248/30	144.126.255.248	144.126.255.251	255.255.255.252	2    	4        	0.0.0.3
144.126.255.252/31	144.126.255.252	144.126.255.253	255.255.255.254	2    	2        	0.0.0.1
144.126.255.254/32	144.126.255.254	144.126.255.254	255.255.255.255	1    	1        	0.0.0.0
144.126.255.255/32	144.126.255.255	144.126.255.255	255.255.255.255	1    	1        	0.0.0.0
134.122.0.0/18    	134.122.0.0    	134.122.63.255 	255.255.192.0  	16382	16384    	0.0.63.255
134.122.64.0/19   	134.122.64.0   	134.122.95.255 	255.255.224.0  	8190 	8192     	0.0.31.255
134.122.96.0/20   	134.122.96.0   	134.122.111.255	255.255.240.0  	4094 	4096     	0.0.15.255
134.122.112.0/21  	134.122.112.0  	134.122.119.255	255.255.248.0  	2046 	2048     	0.0.7.255
134.122.120.0/22  	134.122.120.0  	134.122.123.255	255.255.252.0  	1022 	1024     	0.0.3.255
134.122.124.0/23  	134.122.124.0  	134.122.125.255	255.255.254.0  	510  	512      	0.0.1.255
134.122.126.0/24  	134.122.126.0  	134.122.126.255	255.255.255.0  	254  	256      	0.0.0.255
134.122.127.0/25  	134.122.127.0  	134.122.127.127	255.255.255.128	126  	128      	0.0.0.127
134.122.127.128/26	134.122.127.128	134.122.127.191	255.255.255.192	62   	64       	0.0.0.63
134.122.127.192/27	134.122.127.192	134.122.127.223	255.255.255.224	30   	32       	0.0.0.31
134.122.127.224/28	134.122.127.224	134.122.127.239	255.255.255.240	14   	16       	0.0.0.15
134.122.127.240/29	134.122.127.240	134.122.127.247	255.255.255.248	6    	8        	0.0.0.7
134.122.127.248/30	134.122.127.248	134.122.127.251	255.255.255.252	2    	4        	0.0.0.3
134.122.127.252/31	134.122.127.252	134.122.127.253	255.255.255.254	2    	2        	0.0.0.1
134.122.127.254/32	134.122.127.254	134.122.127.254	255.255.255.255	1    	1        	0.0.0.0
134.122.127.255/32	134.122.127.255	134.122.127.255	255.255.255.255	1    	1        	0.0.0.0
95.85.0.0/19      	95.85.0.0      	95.85.31.255   	255.255.224.0  	8190 	8192     	0.0.31.255
95.85.32.0/20     	95.85.32.0     	95.85.47.255   	255.255.240.0  	4094 	4096     	0.0.15.255
95.85.48.0/21     	95.85.48.0     	95.85.55.255   	255.255.248.0  	2046 	2048     	0.0.7.255
95.85.56.0/22     	95.85.56.0     	95.85.59.255   	255.255.252.0  	1022 	1024     	0.0.3.255
95.85.60.0/23     	95.85.60.0     	95.85.61.255   	255.255.254.0  	510  	512      	0.0.1.255
95.85.62.0/24     	95.85.62.0     	95.85.62.255   	255.255.255.0  	254  	256      	0.0.0.255
95.85.63.0/25     	95.85.63.0     	95.85.63.127   	255.255.255.128	126  	128      	0.0.0.127
95.85.63.128/26   	95.85.63.128   	95.85.63.191   	255.255.255.192	62   	64       	0.0.0.63
95.85.63.192/27   	95.85.63.192   	95.85.63.223   	255.255.255.224	30   	32       	0.0.0.31
95.85.63.224/28   	95.85.63.224   	95.85.63.239   	255.255.255.240	14   	16       	0.0.0.15
95.85.63.240/29   	95.85.63.240   	95.85.63.247   	255.255.255.248	6    	8        	0.0.0.7
95.85.63.248/30   	95.85.63.248   	95.85.63.251   	255.255.255.252	2    	4        	0.0.0.3
95.85.63.252/31   	95.85.63.252   	95.85.63.253   	255.255.255.254	2    	2        	0.0.0.1
95.85.63.254/32   	95.85.63.254   	95.85.63.254   	255.255.255.255	1    	1        	0.0.0.0
95.85.63.255/32   	95.85.63.255   	95.85.63.255   	255.255.255.255	1    	1        	0.0.0.0
143.244.128.0/18  	143.244.128.0  	143.244.191.255	255.255.192.0  	16382	16384    	0.0.63.255
143.244.192.0/19  	143.244.192.0  	143.244.223.255	255.255.224.0  	8190 	8192     	0.0.31.255
143.244.224.0/20  	143.244.224.0  	143.244.239.255	255.255.240.0  	4094 	4096     	0.0.15.255
143.244.240.0/21  	143.244.240.0  	143.244.247.255	255.255.248.0  	2046 	2048     	0.0.7.255
143.244.248.0/22  	143.244.248.0  	143.244.251.255	255.255.252.0  	1022 	1024     	0.0.3.255
143.244.252.0/23  	143.244.252.0  	143.244.253.255	255.255.254.0  	510  	512      	0.0.1.255
143.244.254.0/24  	143.244.254.0  	143.244.254.255	255.255.255.0  	254  	256      	0.0.0.255
143.244.255.0/25  	143.244.255.0  	143.244.255.127	255.255.255.128	126  	128      	0.0.0.127
143.244.255.128/26	143.244.255.128	143.244.255.191	255.255.255.192	62   	64       	0.0.0.63
143.244.255.192/27	143.244.255.192	143.244.255.223	255.255.255.224	30   	32       	0.0.0.31
143.244.255.224/28	143.244.255.224	143.244.255.239	255.255.255.240	14   	16       	0.0.0.15
143.244.255.240/29	143.244.255.240	143.244.255.247	255.255.255.248	6    	8        	0.0.0.7
143.244.255.248/30	143.244.255.248	143.244.255.251	255.255.255.252	2    	4        	0.0.0.3
143.244.255.252/31	143.244.255.252	143.244.255.253	255.255.255.254	2    	2        	0.0.0.1
143.244.255.254/32	143.244.255.254	143.244.255.254	255.255.255.255	1    	1        	0.0.0.0
143.244.255.255/32	143.244.255.255	143.244.255.255	255.255.255.255	1    	1        	0.0.0.0
64.227.0.0/18     	64.227.0.0     	64.227.63.255  	255.255.192.0  	16382	16384    	0.0.63.255
64.227.64.0/19    	64.227.64.0    	64.227.95.255  	255.255.224.0  	8190 	8192     	0.0.31.255
64.227.96.0/20    	64.227.96.0    	64.227.111.255 	255.255.240.0  	4094 	4096     	0.0.15.255
64.227.112.0/21   	64.227.112.0   	64.227.119.255 	255.255.248.0  	2046 	2048     	0.0.7.255
64.227.120.0/22   	64.227.120.0   	64.227.123.255 	255.255.252.0  	1022 	1024     	0.0.3.255
64.227.124.0/23   	64.227.124.0   	64.227.125.255 	255.255.254.0  	510  	512      	0.0.1.255
64.227.126.0/24   	64.227.126.0   	64.227.126.255 	255.255.255.0  	254  	256      	0.0.0.255
64.227.127.0/25   	64.227.127.0   	64.227.127.127 	255.255.255.128	126  	128      	0.0.0.127
64.227.127.128/26 	64.227.127.128 	64.227.127.191 	255.255.255.192	62   	64       	0.0.0.63
64.227.127.192/27 	64.227.127.192 	64.227.127.223 	255.255.255.224	30   	32       	0.0.0.31
64.227.127.224/28 	64.227.127.224 	64.227.127.239 	255.255.255.240	14   	16       	0.0.0.15
64.227.127.240/29 	64.227.127.240 	64.227.127.247 	255.255.255.248	6    	8        	0.0.0.7
64.227.127.248/30 	64.227.127.248 	64.227.127.251 	255.255.255.252	2    	4        	0.0.0.3
64.227.127.252/31 	64.227.127.252 	64.227.127.253 	255.255.255.254	2    	2        	0.0.0.1
64.227.127.254/32 	64.227.127.254 	64.227.127.254 	255.255.255.255	1    	1        	0.0.0.0
64.227.127.255/32 	64.227.127.255 	64.227.127.255 	255.255.255.255	1    	1        	0.0.0.0
198.199.64.0/19   	198.199.64.0   	198.199.95.255 	255.255.224.0  	8190 	8192     	0.0.31.255
198.199.96.0/20   	198.199.96.0   	198.199.111.255	255.255.240.0  	4094 	4096     	0.0.15.255
198.199.112.0/21  	198.199.112.0  	198.199.119.255	255.255.248.0  	2046 	2048     	0.0.7.255
198.199.120.0/22  	198.199.120.0  	198.199.123.255	255.255.252.0  	1022 	1024     	0.0.3.255
198.199.124.0/23  	198.199.124.0  	198.199.125.255	255.255.254.0  	510  	512      	0.0.1.255
198.199.126.0/24  	198.199.126.0  	198.199.126.255	255.255.255.0  	254  	256      	0.0.0.255
198.199.127.0/25  	198.199.127.0  	198.199.127.127	255.255.255.128	126  	128      	0.0.0.127
198.199.127.128/26	198.199.127.128	198.199.127.191	255.255.255.192	62   	64       	0.0.0.63
198.199.127.192/27	198.199.127.192	198.199.127.223	255.255.255.224	30   	32       	0.0.0.31
198.199.127.224/28	198.199.127.224	198.199.127.239	255.255.255.240	14   	16       	0.0.0.15
198.199.127.240/29	198.199.127.240	198.199.127.247	255.255.255.248	6    	8        	0.0.0.7
198.199.127.248/30	198.199.127.248	198.199.127.251	255.255.255.252	2    	4        	0.0.0.3
198.199.127.252/31	198.199.127.252	198.199.127.253	255.255.255.254	2    	2        	0.0.0.1
198.199.127.254/32	198.199.127.254	198.199.127.254	255.255.255.255	1    	1        	0.0.0.0
198.199.127.255/32	198.199.127.255	198.199.127.255	255.255.255.255	1    	1        	0.0.0.0
162.243.0.0/17    	162.243.0.0    	162.243.127.255	255.255.128.0  	32766	32768    	0.0.127.255
162.243.128.0/18  	162.243.128.0  	162.243.191.255	255.255.192.0  	16382	16384    	0.0.63.255
162.243.192.0/19  	162.243.192.0  	162.243.223.255	255.255.224.0  	8190 	8192     	0.0.31.255
162.243.224.0/20  	162.243.224.0  	162.243.239.255	255.255.240.0  	4094 	4096     	0.0.15.255
162.243.240.0/21  	162.243.240.0  	162.243.247.255	255.255.248.0  	2046 	2048     	0.0.7.255
162.243.248.0/22  	162.243.248.0  	162.243.251.255	255.255.252.0  	1022 	1024     	0.0.3.255
162.243.252.0/23  	162.243.252.0  	162.243.253.255	255.255.254.0  	510  	512      	0.0.1.255
162.243.254.0/24  	162.243.254.0  	162.243.254.255	255.255.255.0  	254  	256      	0.0.0.255
162.243.255.0/25  	162.243.255.0  	162.243.255.127	255.255.255.128	126  	128      	0.0.0.127
162.243.255.128/26	162.243.255.128	162.243.255.191	255.255.255.192	62   	64       	0.0.0.63
162.243.255.192/27	162.243.255.192	162.243.255.223	255.255.255.224	30   	32       	0.0.0.31
162.243.255.224/28	162.243.255.224	162.243.255.239	255.255.255.240	14   	16       	0.0.0.15
162.243.255.240/29	162.243.255.240	162.243.255.247	255.255.255.248	6    	8        	0.0.0.7
162.243.255.248/30	162.243.255.248	162.243.255.251	255.255.255.252	2    	4        	0.0.0.3
162.243.255.252/31	162.243.255.252	162.243.255.253	255.255.255.254	2    	2        	0.0.0.1
162.243.255.254/32	162.243.255.254	162.243.255.254	255.255.255.255	1    	1        	0.0.0.0
162.243.255.255/32	162.243.255.255	162.243.255.255	255.255.255.255	1    	1        	0.0.0.0
157.245.0.0/17    	157.245.0.0    	157.245.127.255	255.255.128.0  	32766	32768    	0.0.127.255
157.245.128.0/18  	157.245.128.0  	157.245.191.255	255.255.192.0  	16382	16384    	0.0.63.255
157.245.192.0/19  	157.245.192.0  	157.245.223.255	255.255.224.0  	8190 	8192     	0.0.31.255
157.245.224.0/20  	157.245.224.0  	157.245.239.255	255.255.240.0  	4094 	4096     	0.0.15.255
157.245.240.0/21  	157.245.240.0  	157.245.247.255	255.255.248.0  	2046 	2048     	0.0.7.255
157.245.248.0/22  	157.245.248.0  	157.245.251.255	255.255.252.0  	1022 	1024     	0.0.3.255
157.245.252.0/23  	157.245.252.0  	157.245.253.255	255.255.254.0  	510  	512      	0.0.1.255
157.245.254.0/24  	157.245.254.0  	157.245.254.255	255.255.255.0  	254  	256      	0.0.0.255
157.245.255.0/25  	157.245.255.0  	157.245.255.127	255.255.255.128	126  	128      	0.0.0.127
157.245.255.128/26	157.245.255.128	157.245.255.191	255.255.255.192	62   	64       	0.0.0.63
157.245.255.192/27	157.245.255.192	157.245.255.223	255.255.255.224	30   	32       	0.0.0.31
157.245.255.224/28	157.245.255.224	157.245.255.239	255.255.255.240	14   	16       	0.0.0.15
157.245.255.240/29	157.245.255.240	157.245.255.247	255.255.255.248	6    	8        	0.0.0.7
157.245.255.248/30	157.245.255.248	157.245.255.251	255.255.255.252	2    	4        	0.0.0.3
157.245.255.252/31	157.245.255.252	157.245.255.253	255.255.255.254	2    	2        	0.0.0.1
157.245.255.254/32	157.245.255.254	157.245.255.254	255.255.255.255	1    	1        	0.0.0.0
157.245.255.255/32	157.245.255.255	157.245.255.255	255.255.255.255	1    	1        	0.0.0.0
167.172.0.0/17    	167.172.0.0    	167.172.127.255	255.255.128.0  	32766	32768    	0.0.127.255
167.172.128.0/18  	167.172.128.0  	167.172.191.255	255.255.192.0  	16382	16384    	0.0.63.255
167.172.192.0/19  	167.172.192.0  	167.172.223.255	255.255.224.0  	8190 	8192     	0.0.31.255
167.172.224.0/20  	167.172.224.0  	167.172.239.255	255.255.240.0  	4094 	4096     	0.0.15.255
167.172.240.0/21  	167.172.240.0  	167.172.247.255	255.255.248.0  	2046 	2048     	0.0.7.255
167.172.248.0/22  	167.172.248.0  	167.172.251.255	255.255.252.0  	1022 	1024     	0.0.3.255
167.172.252.0/23  	167.172.252.0  	167.172.253.255	255.255.254.0  	510  	512      	0.0.1.255
167.172.254.0/24  	167.172.254.0  	167.172.254.255	255.255.255.0  	254  	256      	0.0.0.255
167.172.255.0/25  	167.172.255.0  	167.172.255.127	255.255.255.128	126  	128      	0.0.0.127
167.172.255.128/26	167.172.255.128	167.172.255.191	255.255.255.192	62   	64       	0.0.0.63
167.172.255.192/27	167.172.255.192	167.172.255.223	255.255.255.224	30   	32       	0.0.0.31
167.172.255.224/28	167.172.255.224	167.172.255.239	255.255.255.240	14   	16       	0.0.0.15
167.172.255.240/29	167.172.255.240	167.172.255.247	255.255.255.248	6    	8        	0.0.0.7
167.172.255.248/30	167.172.255.248	167.172.255.251	255.255.255.252	2    	4        	0.0.0.3
167.172.255.252/31	167.172.255.252	167.172.255.253	255.255.255.254	2    	2        	0.0.0.1
167.172.255.254/32	167.172.255.254	167.172.255.254	255.255.255.255	1    	1        	0.0.0.0
167.172.255.255/32	167.172.255.255	167.172.255.255	255.255.255.255	1    	1        	0.0.0.0
167.99.0.0/17     	167.99.0.0     	167.99.127.255 	255.255.128.0  	32766	32768    	0.0.127.255
167.99.128.0/18   	167.99.128.0   	167.99.191.255 	255.255.192.0  	16382	16384    	0.0.63.255
167.99.192.0/19   	167.99.192.0   	167.99.223.255 	255.255.224.0  	8190 	8192     	0.0.31.255
167.99.224.0/20   	167.99.224.0   	167.99.239.255 	255.255.240.0  	4094 	4096     	0.0.15.255
167.99.240.0/21   	167.99.240.0   	167.99.247.255 	255.255.248.0  	2046 	2048     	0.0.7.255
167.99.248.0/22   	167.99.248.0   	167.99.251.255 	255.255.252.0  	1022 	1024     	0.0.3.255
167.99.252.0/23   	167.99.252.0   	167.99.253.255 	255.255.254.0  	510  	512      	0.0.1.255
167.99.254.0/24   	167.99.254.0   	167.99.254.255 	255.255.255.0  	254  	256      	0.0.0.255
167.99.255.0/25   	167.99.255.0   	167.99.255.127 	255.255.255.128	126  	128      	0.0.0.127
167.99.255.128/26 	167.99.255.128 	167.99.255.191 	255.255.255.192	62   	64       	0.0.0.63
167.99.255.192/27 	167.99.255.192 	167.99.255.223 	255.255.255.224	30   	32       	0.0.0.31
167.99.255.224/28 	167.99.255.224 	167.99.255.239 	255.255.255.240	14   	16       	0.0.0.15
167.99.255.240/29 	167.99.255.240 	167.99.255.247 	255.255.255.248	6    	8        	0.0.0.7
167.99.255.248/30 	167.99.255.248 	167.99.255.251 	255.255.255.252	2    	4        	0.0.0.3
167.99.255.252/31 	167.99.255.252 	167.99.255.253 	255.255.255.254	2    	2        	0.0.0.1
167.99.255.254/32 	167.99.255.254 	167.99.255.254 	255.255.255.255	1    	1        	0.0.0.0
167.99.255.255/32 	167.99.255.255 	167.99.255.255 	255.255.255.255	1    	1        	0.0.0.0
161.35.0.0/17     	161.35.0.0     	161.35.127.255 	255.255.128.0  	32766	32768    	0.0.127.255
161.35.128.0/18   	161.35.128.0   	161.35.191.255 	255.255.192.0  	16382	16384    	0.0.63.255
161.35.192.0/19   	161.35.192.0   	161.35.223.255 	255.255.224.0  	8190 	8192     	0.0.31.255
161.35.224.0/20   	161.35.224.0   	161.35.239.255 	255.255.240.0  	4094 	4096     	0.0.15.255
161.35.240.0/21   	161.35.240.0   	161.35.247.255 	255.255.248.0  	2046 	2048     	0.0.7.255
161.35.248.0/22   	161.35.248.0   	161.35.251.255 	255.255.252.0  	1022 	1024     	0.0.3.255
161.35.252.0/23   	161.35.252.0   	161.35.253.255 	255.255.254.0  	510  	512      	0.0.1.255
161.35.254.0/24   	161.35.254.0   	161.35.254.255 	255.255.255.0  	254  	256      	0.0.0.255
161.35.255.0/25   	161.35.255.0   	161.35.255.127 	255.255.255.128	126  	128      	0.0.0.127
161.35.255.128/26 	161.35.255.128 	161.35.255.191 	255.255.255.192	62   	64       	0.0.0.63
161.35.255.192/27 	161.35.255.192 	161.35.255.223 	255.255.255.224	30   	32       	0.0.0.31
161.35.255.224/28 	161.35.255.224 	161.35.255.239 	255.255.255.240	14   	16       	0.0.0.15
161.35.255.240/29 	161.35.255.240 	161.35.255.247 	255.255.255.248	6    	8        	0.0.0.7
161.35.255.248/30 	161.35.255.248 	161.35.255.251 	255.255.255.252	2    	4        	0.0.0.3
161.35.255.252/31 	161.35.255.252 	161.35.255.253 	255.255.255.254	2    	2        	0.0.0.1
161.35.255.254/32 	161.35.255.254 	161.35.255.254 	255.255.255.255	1    	1        	0.0.0.0
161.35.255.255/32 	161.35.255.255 	161.35.255.255 	255.255.255.255	1    	1        	0.0.0.0
67.205.128.0/19   	67.205.128.0   	67.205.159.255 	255.255.224.0  	8190 	8192     	0.0.31.255
67.205.160.0/20   	67.205.160.0   	67.205.175.255 	255.255.240.0  	4094 	4096     	0.0.15.255
67.205.176.0/21   	67.205.176.0   	67.205.183.255 	255.255.248.0  	2046 	2048     	0.0.7.255
67.205.184.0/22   	67.205.184.0   	67.205.187.255 	255.255.252.0  	1022 	1024     	0.0.3.255
67.205.188.0/23   	67.205.188.0   	67.205.189.255 	255.255.254.0  	510  	512      	0.0.1.255
67.205.190.0/24   	67.205.190.0   	67.205.190.255 	255.255.255.0  	254  	256      	0.0.0.255
67.205.191.0/25   	67.205.191.0   	67.205.191.127 	255.255.255.128	126  	128      	0.0.0.127
67.205.191.128/26 	67.205.191.128 	67.205.191.191 	255.255.255.192	62   	64       	0.0.0.63
67.205.191.192/27 	67.205.191.192 	67.205.191.223 	255.255.255.224	30   	32       	0.0.0.31
67.205.191.224/28 	67.205.191.224 	67.205.191.239 	255.255.255.240	14   	16       	0.0.0.15
67.205.191.240/29 	67.205.191.240 	67.205.191.247 	255.255.255.248	6    	8        	0.0.0.7
67.205.191.248/30 	67.205.191.248 	67.205.191.251 	255.255.255.252	2    	4        	0.0.0.3
67.205.191.252/31 	67.205.191.252 	67.205.191.253 	255.255.255.254	2    	2        	0.0.0.1
67.205.191.254/32 	67.205.191.254 	67.205.191.254 	255.255.255.255	1    	1        	0.0.0.0
67.205.191.255/32 	67.205.191.255 	67.205.191.255 	255.255.255.255	1    	1        	0.0.0.0
159.223.0.0/17    	159.223.0.0    	159.223.127.255	255.255.128.0  	32766	32768    	0.0.127.255
159.223.128.0/18  	159.223.128.0  	159.223.191.255	255.255.192.0  	16382	16384    	0.0.63.255
159.223.192.0/19  	159.223.192.0  	159.223.223.255	255.255.224.0  	8190 	8192     	0.0.31.255
159.223.224.0/20  	159.223.224.0  	159.223.239.255	255.255.240.0  	4094 	4096     	0.0.15.255
159.223.240.0/21  	159.223.240.0  	159.223.247.255	255.255.248.0  	2046 	2048     	0.0.7.255
159.223.248.0/22  	159.223.248.0  	159.223.251.255	255.255.252.0  	1022 	1024     	0.0.3.255
159.223.252.0/23  	159.223.252.0  	159.223.253.255	255.255.254.0  	510  	512      	0.0.1.255
159.223.254.0/24  	159.223.254.0  	159.223.254.255	255.255.255.0  	254  	256      	0.0.0.255
159.223.255.0/25  	159.223.255.0  	159.223.255.127	255.255.255.128	126  	128      	0.0.0.127
159.223.255.128/26	159.223.255.128	159.223.255.191	255.255.255.192	62   	64       	0.0.0.63
159.223.255.192/27	159.223.255.192	159.223.255.223	255.255.255.224	30   	32       	0.0.0.31
159.223.255.224/28	159.223.255.224	159.223.255.239	255.255.255.240	14   	16       	0.0.0.15
159.223.255.240/29	159.223.255.240	159.223.255.247	255.255.255.248	6    	8        	0.0.0.7
159.223.255.248/30	159.223.255.248	159.223.255.251	255.255.255.252	2    	4        	0.0.0.3
159.223.255.252/31	159.223.255.252	159.223.255.253	255.255.255.254	2    	2        	0.0.0.1
159.223.255.254/32	159.223.255.254	159.223.255.254	255.255.255.255	1    	1        	0.0.0.0
159.223.255.255/32	159.223.255.255	159.223.255.255	255.255.255.255	1    	1        	0.0.0.0
147.182.128.0/18  	147.182.128.0  	147.182.191.255	255.255.192.0  	16382	16384    	0.0.63.255
147.182.192.0/19  	147.182.192.0  	147.182.223.255	255.255.224.0  	8190 	8192     	0.0.31.255
147.182.224.0/20  	147.182.224.0  	147.182.239.255	255.255.240.0  	4094 	4096     	0.0.15.255
147.182.240.0/21  	147.182.240.0  	147.182.247.255	255.255.248.0  	2046 	2048     	0.0.7.255
147.182.248.0/22  	147.182.248.0  	147.182.251.255	255.255.252.0  	1022 	1024     	0.0.3.255
147.182.252.0/23  	147.182.252.0  	147.182.253.255	255.255.254.0  	510  	512      	0.0.1.255
147.182.254.0/24  	147.182.254.0  	147.182.254.255	255.255.255.0  	254  	256      	0.0.0.255
147.182.255.0/25  	147.182.255.0  	147.182.255.127	255.255.255.128	126  	128      	0.0.0.127
147.182.255.128/26	147.182.255.128	147.182.255.191	255.255.255.192	62   	64       	0.0.0.63
147.182.255.192/27	147.182.255.192	147.182.255.223	255.255.255.224	30   	32       	0.0.0.31
147.182.255.224/28	147.182.255.224	147.182.255.239	255.255.255.240	14   	16       	0.0.0.15
147.182.255.240/29	147.182.255.240	147.182.255.247	255.255.255.248	6    	8        	0.0.0.7
147.182.255.248/30	147.182.255.248	147.182.255.251	255.255.255.252	2    	4        	0.0.0.3
147.182.255.252/31	147.182.255.252	147.182.255.253	255.255.255.254	2    	2        	0.0.0.1
147.182.255.254/32	147.182.255.254	147.182.255.254	255.255.255.255	1    	1        	0.0.0.0
147.182.255.255/32	147.182.255.255	147.182.255.255	255.255.255.255	1    	1        	0.0.0.0
159.89.0.0/17     	159.89.0.0     	159.89.127.255 	255.255.128.0  	32766	32768    	0.0.127.255
159.89.128.0/18   	159.89.128.0   	159.89.191.255 	255.255.192.0  	16382	16384    	0.0.63.255
159.89.192.0/19   	159.89.192.0   	159.89.223.255 	255.255.224.0  	8190 	8192     	0.0.31.255
159.89.224.0/20   	159.89.224.0   	159.89.239.255 	255.255.240.0  	4094 	4096     	0.0.15.255
159.89.240.0/21   	159.89.240.0   	159.89.247.255 	255.255.248.0  	2046 	2048     	0.0.7.255
159.89.248.0/22   	159.89.248.0   	159.89.251.255 	255.255.252.0  	1022 	1024     	0.0.3.255
159.89.252.0/23   	159.89.252.0   	159.89.253.255 	255.255.254.0  	510  	512      	0.0.1.255
159.89.254.0/24   	159.89.254.0   	159.89.254.255 	255.255.255.0  	254  	256      	0.0.0.255
159.89.255.0/25   	159.89.255.0   	159.89.255.127 	255.255.255.128	126  	128      	0.0.0.127
159.89.255.128/26 	159.89.255.128 	159.89.255.191 	255.255.255.192	62   	64       	0.0.0.63
159.89.255.192/27 	159.89.255.192 	159.89.255.223 	255.255.255.224	30   	32       	0.0.0.31
159.89.255.224/28 	159.89.255.224 	159.89.255.239 	255.255.255.240	14   	16       	0.0.0.15
159.89.255.240/29 	159.89.255.240 	159.89.255.247 	255.255.255.248	6    	8        	0.0.0.7
159.89.255.248/30 	159.89.255.248 	159.89.255.251 	255.255.255.252	2    	4        	0.0.0.3
159.89.255.252/31 	159.89.255.252 	159.89.255.253 	255.255.255.254	2    	2        	0.0.0.1
159.89.255.254/32 	159.89.255.254 	159.89.255.254 	255.255.255.255	1    	1        	0.0.0.0
159.89.255.255/32 	159.89.255.255 	159.89.255.255 	255.255.255.255	1    	1        	0.0.0.0
192.241.128.0/18  	192.241.128.0  	192.241.191.255	255.255.192.0  	16382	16384    	0.0.63.255
192.241.192.0/19  	192.241.192.0  	192.241.223.255	255.255.224.0  	8190 	8192     	0.0.31.255
192.241.224.0/20  	192.241.224.0  	192.241.239.255	255.255.240.0  	4094 	4096     	0.0.15.255
192.241.240.0/21  	192.241.240.0  	192.241.247.255	255.255.248.0  	2046 	2048     	0.0.7.255
192.241.248.0/22  	192.241.248.0  	192.241.251.255	255.255.252.0  	1022 	1024     	0.0.3.255
192.241.252.0/23  	192.241.252.0  	192.241.253.255	255.255.254.0  	510  	512      	0.0.1.255
192.241.254.0/24  	192.241.254.0  	192.241.254.255	255.255.255.0  	254  	256      	0.0.0.255
192.241.255.0/25  	192.241.255.0  	192.241.255.127	255.255.255.128	126  	128      	0.0.0.127
192.241.255.128/26	192.241.255.128	192.241.255.191	255.255.255.192	62   	64       	0.0.0.63
192.241.255.192/27	192.241.255.192	192.241.255.223	255.255.255.224	30   	32       	0.0.0.31
192.241.255.224/28	192.241.255.224	192.241.255.239	255.255.255.240	14   	16       	0.0.0.15
192.241.255.240/29	192.241.255.240	192.241.255.247	255.255.255.248	6    	8        	0.0.0.7
192.241.255.248/30	192.241.255.248	192.241.255.251	255.255.255.252	2    	4        	0.0.0.3
192.241.255.252/31	192.241.255.252	192.241.255.253	255.255.255.254	2    	2        	0.0.0.1
192.241.255.254/32	192.241.255.254	192.241.255.254	255.255.255.255	1    	1        	0.0.0.0
192.241.255.255/32	192.241.255.255	192.241.255.255	255.255.255.255	1    	1        	0.0.0.0
164.92.64.0/18    	164.92.64.0    	164.92.127.255 	255.255.192.0  	16382	16384    	0.0.63.255
164.92.128.0/18   	164.92.128.0   	164.92.191.255 	255.255.192.0  	16382	16384    	0.0.63.255
164.92.192.0/19   	164.92.192.0   	164.92.223.255 	255.255.224.0  	8190 	8192     	0.0.31.255
164.92.224.0/20   	164.92.224.0   	164.92.239.255 	255.255.240.0  	4094 	4096     	0.0.15.255
164.92.240.0/21   	164.92.240.0   	164.92.247.255 	255.255.248.0  	2046 	2048     	0.0.7.255
164.92.248.0/22   	164.92.248.0   	164.92.251.255 	255.255.252.0  	1022 	1024     	0.0.3.255
164.92.252.0/23   	164.92.252.0   	164.92.253.255 	255.255.254.0  	510  	512      	0.0.1.255
164.92.254.0/24   	164.92.254.0   	164.92.254.255 	255.255.255.0  	254  	256      	0.0.0.255
164.92.255.0/25   	164.92.255.0   	164.92.255.127 	255.255.255.128	126  	128      	0.0.0.127
164.92.255.128/26 	164.92.255.128 	164.92.255.191 	255.255.255.192	62   	64       	0.0.0.63
164.92.255.192/27 	164.92.255.192 	164.92.255.223 	255.255.255.224	30   	32       	0.0.0.31
164.92.255.224/28 	164.92.255.224 	164.92.255.239 	255.255.255.240	14   	16       	0.0.0.15
164.92.255.240/29 	164.92.255.240 	164.92.255.247 	255.255.255.248	6    	8        	0.0.0.7
164.92.255.248/30 	164.92.255.248 	164.92.255.251 	255.255.255.252	2    	4        	0.0.0.3
164.92.255.252/31 	164.92.255.252 	164.92.255.253 	255.255.255.254	2    	2        	0.0.0.1
164.92.255.254/32 	164.92.255.254 	164.92.255.254 	255.255.255.255	1    	1        	0.0.0.0
164.92.255.255/32 	164.92.255.255 	164.92.255.255 	255.255.255.255	1    	1        	0.0.0.0
64.225.0.0/18     	64.225.0.0     	64.225.63.255  	255.255.192.0  	16382	16384    	0.0.63.255
64.225.64.0/19    	64.225.64.0    	64.225.95.255  	255.255.224.0  	8190 	8192     	0.0.31.255
64.225.96.0/20    	64.225.96.0    	64.225.111.255 	255.255.240.0  	4094 	4096     	0.0.15.255
64.225.112.0/21   	64.225.112.0   	64.225.119.255 	255.255.248.0  	2046 	2048     	0.0.7.255
64.225.120.0/22   	64.225.120.0   	64.225.123.255 	255.255.252.0  	1022 	1024     	0.0.3.255
64.225.124.0/23   	64.225.124.0   	64.225.125.255 	255.255.254.0  	510  	512      	0.0.1.255
64.225.126.0/24   	64.225.126.0   	64.225.126.255 	255.255.255.0  	254  	256      	0.0.0.255
64.225.127.0/25   	64.225.127.0   	64.225.127.127 	255.255.255.128	126  	128      	0.0.0.127
64.225.127.128/26 	64.225.127.128 	64.225.127.191 	255.255.255.192	62   	64       	0.0.0.63
64.225.127.192/27 	64.225.127.192 	64.225.127.223 	255.255.255.224	30   	32       	0.0.0.31
64.225.127.224/28 	64.225.127.224 	64.225.127.239 	255.255.255.240	14   	16       	0.0.0.15
64.225.127.240/29 	64.225.127.240 	64.225.127.247 	255.255.255.248	6    	8        	0.0.0.7
64.225.127.248/30 	64.225.127.248 	64.225.127.251 	255.255.255.252	2    	4        	0.0.0.3
64.225.127.252/31 	64.225.127.252 	64.225.127.253 	255.255.255.254	2    	2        	0.0.0.1
64.225.127.254/32 	64.225.127.254 	64.225.127.254 	255.255.255.255	1    	1        	0.0.0.0
64.225.127.255/32 	64.225.127.255 	64.225.127.255 	255.255.255.255	1    	1        	0.0.0.0
198.211.96.0/20   	198.211.96.0   	198.211.111.255	255.255.240.0  	4094 	4096     	0.0.15.255
198.211.112.0/21  	198.211.112.0  	198.211.119.255	255.255.248.0  	2046 	2048     	0.0.7.255
198.211.120.0/22  	198.211.120.0  	198.211.123.255	255.255.252.0  	1022 	1024     	0.0.3.255
198.211.124.0/23  	198.211.124.0  	198.211.125.255	255.255.254.0  	510  	512      	0.0.1.255
198.211.126.0/24  	198.211.126.0  	198.211.126.255	255.255.255.0  	254  	256      	0.0.0.255
198.211.127.0/25  	198.211.127.0  	198.211.127.127	255.255.255.128	126  	128      	0.0.0.127
198.211.127.128/26	198.211.127.128	198.211.127.191	255.255.255.192	62   	64       	0.0.0.63
198.211.127.192/27	198.211.127.192	198.211.127.223	255.255.255.224	30   	32       	0.0.0.31
198.211.127.224/28	198.211.127.224	198.211.127.239	255.255.255.240	14   	16       	0.0.0.15
198.211.127.240/29	198.211.127.240	198.211.127.247	255.255.255.248	6    	8        	0.0.0.7
198.211.127.248/30	198.211.127.248	198.211.127.251	255.255.255.252	2    	4        	0.0.0.3
198.211.127.252/31	198.211.127.252	198.211.127.253	255.255.255.254	2    	2        	0.0.0.1
198.211.127.254/32	198.211.127.254	198.211.127.254	255.255.255.255	1    	1        	0.0.0.0
198.211.127.255/32	198.211.127.255	198.211.127.255	255.255.255.255	1    	1        	0.0.0.0
146.190.0.0/17    	146.190.0.0    	146.190.127.255	255.255.128.0  	32766	32768    	0.0.127.255
146.190.128.0/18  	146.190.128.0  	146.190.191.255	255.255.192.0  	16382	16384    	0.0.63.255
146.190.192.0/19  	146.190.192.0  	146.190.223.255	255.255.224.0  	8190 	8192     	0.0.31.255
146.190.224.0/20  	146.190.224.0  	146.190.239.255	255.255.240.0  	4094 	4096     	0.0.15.255
146.190.240.0/21  	146.190.240.0  	146.190.247.255	255.255.248.0  	2046 	2048     	0.0.7.255
146.190.248.0/22  	146.190.248.0  	146.190.251.255	255.255.252.0  	1022 	1024     	0.0.3.255
146.190.252.0/23  	146.190.252.0  	146.190.253.255	255.255.254.0  	510  	512      	0.0.1.255
146.190.254.0/24  	146.190.254.0  	146.190.254.255	255.255.255.0  	254  	256      	0.0.0.255
146.190.255.0/25  	146.190.255.0  	146.190.255.127	255.255.255.128	126  	128      	0.0.0.127
146.190.255.128/26	146.190.255.128	146.190.255.191	255.255.255.192	62   	64       	0.0.0.63
146.190.255.192/27	146.190.255.192	146.190.255.223	255.255.255.224	30   	32       	0.0.0.31
146.190.255.224/28	146.190.255.224	146.190.255.239	255.255.255.240	14   	16       	0.0.0.15
146.190.255.240/29	146.190.255.240	146.190.255.247	255.255.255.248	6    	8        	0.0.0.7
146.190.255.248/30	146.190.255.248	146.190.255.251	255.255.255.252	2    	4        	0.0.0.3
146.190.255.252/31	146.190.255.252	146.190.255.253	255.255.255.254	2    	2        	0.0.0.1
146.190.255.254/32	146.190.255.254	146.190.255.254	255.255.255.255	1    	1        	0.0.0.0
146.190.255.255/32	146.190.255.255	146.190.255.255	255.255.255.255	1    	1        	0.0.0.0
82.196.0.0/21     	82.196.0.0     	82.196.7.255   	255.255.248.0  	2046 	2048     	0.0.7.255
82.196.8.0/22     	82.196.8.0     	82.196.11.255  	255.255.252.0  	1022 	1024     	0.0.3.255
82.196.12.0/23    	82.196.12.0    	82.196.13.255  	255.255.254.0  	510  	512      	0.0.1.255
82.196.14.0/24    	82.196.14.0    	82.196.14.255  	255.255.255.0  	254  	256      	0.0.0.255
82.196.15.0/25    	82.196.15.0    	82.196.15.127  	255.255.255.128	126  	128      	0.0.0.127
82.196.15.128/26  	82.196.15.128  	82.196.15.191  	255.255.255.192	62   	64       	0.0.0.63
82.196.15.192/27  	82.196.15.192  	82.196.15.223  	255.255.255.224	30   	32       	0.0.0.31
82.196.15.224/28  	82.196.15.224  	82.196.15.239  	255.255.255.240	14   	16       	0.0.0.15
82.196.15.240/29  	82.196.15.240  	82.196.15.247  	255.255.255.248	6    	8        	0.0.0.7
82.196.15.248/30  	82.196.15.248  	82.196.15.251  	255.255.255.252	2    	4        	0.0.0.3
82.196.15.252/31  	82.196.15.252  	82.196.15.253  	255.255.255.254	2    	2        	0.0.0.1
82.196.15.254/32  	82.196.15.254  	82.196.15.254  	255.255.255.255	1    	1        	0.0.0.0
82.196.15.255/32  	82.196.15.255  	82.196.15.255  	255.255.255.255	1    	1        	0.0.0.0
104.131.0.0/17    	104.131.0.0    	104.131.127.255	255.255.128.0  	32766	32768    	0.0.127.255
104.131.128.0/18  	104.131.128.0  	104.131.191.255	255.255.192.0  	16382	16384    	0.0.63.255
104.131.192.0/19  	104.131.192.0  	104.131.223.255	255.255.224.0  	8190 	8192     	0.0.31.255
104.131.224.0/20  	104.131.224.0  	104.131.239.255	255.255.240.0  	4094 	4096     	0.0.15.255
104.131.240.0/21  	104.131.240.0  	104.131.247.255	255.255.248.0  	2046 	2048     	0.0.7.255
104.131.248.0/22  	104.131.248.0  	104.131.251.255	255.255.252.0  	1022 	1024     	0.0.3.255
104.131.252.0/23  	104.131.252.0  	104.131.253.255	255.255.254.0  	510  	512      	0.0.1.255
104.131.254.0/24  	104.131.254.0  	104.131.254.255	255.255.255.0  	254  	256      	0.0.0.255
104.131.255.0/25  	104.131.255.0  	104.131.255.127	255.255.255.128	126  	128      	0.0.0.127
104.131.255.128/26	104.131.255.128	104.131.255.191	255.255.255.192	62   	64       	0.0.0.63
104.131.255.192/27	104.131.255.192	104.131.255.223	255.255.255.224	30   	32       	0.0.0.31
104.131.255.224/28	104.131.255.224	104.131.255.239	255.255.255.240	14   	16       	0.0.0.15
104.131.255.240/29	104.131.255.240	104.131.255.247	255.255.255.248	6    	8        	0.0.0.7
104.131.255.248/30	104.131.255.248	104.131.255.251	255.255.255.252	2    	4        	0.0.0.3
104.131.255.252/31	104.131.255.252	104.131.255.253	255.255.255.254	2    	2        	0.0.0.1
104.131.255.254/32	104.131.255.254	104.131.255.254	255.255.255.255	1    	1        	0.0.0.0
104.131.255.255/32	104.131.255.255	104.131.255.255	255.255.255.255	1    	1        	0.0.0.0
159.203.0.0/17    	159.203.0.0    	159.203.127.255	255.255.128.0  	32766	32768    	0.0.127.255
159.203.128.0/18  	159.203.128.0  	159.203.191.255	255.255.192.0  	16382	16384    	0.0.63.255
159.203.192.0/19  	159.203.192.0  	159.203.223.255	255.255.224.0  	8190 	8192     	0.0.31.255
159.203.224.0/20  	159.203.224.0  	159.203.239.255	255.255.240.0  	4094 	4096     	0.0.15.255
159.203.240.0/21  	159.203.240.0  	159.203.247.255	255.255.248.0  	2046 	2048     	0.0.7.255
159.203.248.0/22  	159.203.248.0  	159.203.251.255	255.255.252.0  	1022 	1024     	0.0.3.255
159.203.252.0/23  	159.203.252.0  	159.203.253.255	255.255.254.0  	510  	512      	0.0.1.255
159.203.254.0/24  	159.203.254.0  	159.203.254.255	255.255.255.0  	254  	256      	0.0.0.255
159.203.255.0/25  	159.203.255.0  	159.203.255.127	255.255.255.128	126  	128      	0.0.0.127
159.203.255.128/26	159.203.255.128	159.203.255.191	255.255.255.192	62   	64       	0.0.0.63
159.203.255.192/27	159.203.255.192	159.203.255.223	255.255.255.224	30   	32       	0.0.0.31
159.203.255.224/28	159.203.255.224	159.203.255.239	255.255.255.240	14   	16       	0.0.0.15
159.203.255.240/29	159.203.255.240	159.203.255.247	255.255.255.248	6    	8        	0.0.0.7
159.203.255.248/30	159.203.255.248	159.203.255.251	255.255.255.252	2    	4        	0.0.0.3
159.203.255.252/31	159.203.255.252	159.203.255.253	255.255.255.254	2    	2        	0.0.0.1
159.203.255.254/32	159.203.255.254	159.203.255.254	255.255.255.255	1    	1        	0.0.0.0
159.203.255.255/32	159.203.255.255	159.203.255.255	255.255.255.255	1    	1        	0.0.0.0
143.198.0.0/17    	143.198.0.0    	143.198.127.255	255.255.128.0  	32766	32768    	0.0.127.255
143.198.128.0/18  	143.198.128.0  	143.198.191.255	255.255.192.0  	16382	16384    	0.0.63.255
143.198.192.0/19  	143.198.192.0  	143.198.223.255	255.255.224.0  	8190 	8192     	0.0.31.255
143.198.224.0/20  	143.198.224.0  	143.198.239.255	255.255.240.0  	4094 	4096     	0.0.15.255
143.198.240.0/21  	143.198.240.0  	143.198.247.255	255.255.248.0  	2046 	2048     	0.0.7.255
143.198.248.0/22  	143.198.248.0  	143.198.251.255	255.255.252.0  	1022 	1024     	0.0.3.255
143.198.252.0/23  	143.198.252.0  	143.198.253.255	255.255.254.0  	510  	512      	0.0.1.255
143.198.254.0/24  	143.198.254.0  	143.198.254.255	255.255.255.0  	254  	256      	0.0.0.255
143.198.255.0/25  	143.198.255.0  	143.198.255.127	255.255.255.128	126  	128      	0.0.0.127
143.198.255.128/26	143.198.255.128	143.198.255.191	255.255.255.192	62   	64       	0.0.0.63
143.198.255.192/27	143.198.255.192	143.198.255.223	255.255.255.224	30   	32       	0.0.0.31
143.198.255.224/28	143.198.255.224	143.198.255.239	255.255.255.240	14   	16       	0.0.0.15
143.198.255.240/29	143.198.255.240	143.198.255.247	255.255.255.248	6    	8        	0.0.0.7
143.198.255.248/30	143.198.255.248	143.198.255.251	255.255.255.252	2    	4        	0.0.0.3
143.198.255.252/31	143.198.255.252	143.198.255.253	255.255.255.254	2    	2        	0.0.0.1
143.198.255.254/32	143.198.255.254	143.198.255.254	255.255.255.255	1    	1        	0.0.0.0
143.198.255.255/32	143.198.255.255	143.198.255.255	255.255.255.255	1    	1        	0.0.0.0
206.189.0.0/17    	206.189.0.0    	206.189.127.255	255.255.128.0  	32766	32768    	0.0.127.255
206.189.128.0/18  	206.189.128.0  	206.189.191.255	255.255.192.0  	16382	16384    	0.0.63.255
206.189.192.0/19  	206.189.192.0  	206.189.223.255	255.255.224.0  	8190 	8192     	0.0.31.255
206.189.224.0/20  	206.189.224.0  	206.189.239.255	255.255.240.0  	4094 	4096     	0.0.15.255
206.189.240.0/21  	206.189.240.0  	206.189.247.255	255.255.248.0  	2046 	2048     	0.0.7.255
206.189.248.0/22  	206.189.248.0  	206.189.251.255	255.255.252.0  	1022 	1024     	0.0.3.255
206.189.252.0/23  	206.189.252.0  	206.189.253.255	255.255.254.0  	510  	512      	0.0.1.255
206.189.254.0/24  	206.189.254.0  	206.189.254.255	255.255.255.0  	254  	256      	0.0.0.255
206.189.255.0/25  	206.189.255.0  	206.189.255.127	255.255.255.128	126  	128      	0.0.0.127
206.189.255.128/26	206.189.255.128	206.189.255.191	255.255.255.192	62   	64       	0.0.0.63
206.189.255.192/27	206.189.255.192	206.189.255.223	255.255.255.224	30   	32       	0.0.0.31
206.189.255.224/28	206.189.255.224	206.189.255.239	255.255.255.240	14   	16       	0.0.0.15
206.189.255.240/29	206.189.255.240	206.189.255.247	255.255.255.248	6    	8        	0.0.0.7
206.189.255.248/30	206.189.255.248	206.189.255.251	255.255.255.252	2    	4        	0.0.0.3
206.189.255.252/31	206.189.255.252	206.189.255.253	255.255.255.254	2    	2        	0.0.0.1
206.189.255.254/32	206.189.255.254	206.189.255.254	255.255.255.255	1    	1        	0.0.0.0
206.189.255.255/32	206.189.255.255	206.189.255.255	255.255.255.255	1    	1        	0.0.0.0
138.197.0.0/17    	138.197.0.0    	138.197.127.255	255.255.128.0  	32766	32768    	0.0.127.255
138.197.128.0/18  	138.197.128.0  	138.197.191.255	255.255.192.0  	16382	16384    	0.0.63.255
138.197.192.0/19  	138.197.192.0  	138.197.223.255	255.255.224.0  	8190 	8192     	0.0.31.255
138.197.224.0/20  	138.197.224.0  	138.197.239.255	255.255.240.0  	4094 	4096     	0.0.15.255
138.197.240.0/21  	138.197.240.0  	138.197.247.255	255.255.248.0  	2046 	2048     	0.0.7.255
138.197.248.0/22  	138.197.248.0  	138.197.251.255	255.255.252.0  	1022 	1024     	0.0.3.255
138.197.252.0/23  	138.197.252.0  	138.197.253.255	255.255.254.0  	510  	512      	0.0.1.255
138.197.254.0/24  	138.197.254.0  	138.197.254.255	255.255.255.0  	254  	256      	0.0.0.255
138.197.255.0/25  	138.197.255.0  	138.197.255.127	255.255.255.128	126  	128      	0.0.0.127
138.197.255.128/26	138.197.255.128	138.197.255.191	255.255.255.192	62   	64       	0.0.0.63
138.197.255.192/27	138.197.255.192	138.197.255.223	255.255.255.224	30   	32       	0.0.0.31
138.197.255.224/28	138.197.255.224	138.197.255.239	255.255.255.240	14   	16       	0.0.0.15
138.197.255.240/29	138.197.255.240	138.197.255.247	255.255.255.248	6    	8        	0.0.0.7
138.197.255.248/30	138.197.255.248	138.197.255.251	255.255.255.252	2    	4        	0.0.0.3
138.197.255.252/31	138.197.255.252	138.197.255.253	255.255.255.254	2    	2        	0.0.0.1
138.197.255.254/32	138.197.255.254	138.197.255.254	255.255.255.255	1    	1        	0.0.0.0
138.197.255.255/32	138.197.255.255	138.197.255.255	255.255.255.255	1    	1        	0.0.0.0
138.68.0.0/17     	138.68.0.0     	138.68.127.255 	255.255.128.0  	32766	32768    	0.0.127.255
138.68.128.0/18   	138.68.128.0   	138.68.191.255 	255.255.192.0  	16382	16384    	0.0.63.255
138.68.192.0/19   	138.68.192.0   	138.68.223.255 	255.255.224.0  	8190 	8192     	0.0.31.255
138.68.224.0/20   	138.68.224.0   	138.68.239.255 	255.255.240.0  	4094 	4096     	0.0.15.255
138.68.240.0/21   	138.68.240.0   	138.68.247.255 	255.255.248.0  	2046 	2048     	0.0.7.255
138.68.248.0/22   	138.68.248.0   	138.68.251.255 	255.255.252.0  	1022 	1024     	0.0.3.255
138.68.252.0/23   	138.68.252.0   	138.68.253.255 	255.255.254.0  	510  	512      	0.0.1.255
138.68.254.0/24   	138.68.254.0   	138.68.254.255 	255.255.255.0  	254  	256      	0.0.0.255
138.68.255.0/25   	138.68.255.0   	138.68.255.127 	255.255.255.128	126  	128      	0.0.0.127
138.68.255.128/26 	138.68.255.128 	138.68.255.191 	255.255.255.192	62   	64       	0.0.0.63
138.68.255.192/27 	138.68.255.192 	138.68.255.223 	255.255.255.224	30   	32       	0.0.0.31
138.68.255.224/28 	138.68.255.224 	138.68.255.239 	255.255.255.240	14   	16       	0.0.0.15
138.68.255.240/29 	138.68.255.240 	138.68.255.247 	255.255.255.248	6    	8        	0.0.0.7
138.68.255.248/30 	138.68.255.248 	138.68.255.251 	255.255.255.252	2    	4        	0.0.0.3
138.68.255.252/31 	138.68.255.252 	138.68.255.253 	255.255.255.254	2    	2        	0.0.0.1
138.68.255.254/32 	138.68.255.254 	138.68.255.254 	255.255.255.255	1    	1        	0.0.0.0
138.68.255.255/32 	138.68.255.255 	138.68.255.255 	255.255.255.255	1    	1        	0.0.0.0
159.65.0.0/17     	159.65.0.0     	159.65.127.255 	255.255.128.0  	32766	32768    	0.0.127.255
159.65.128.0/18   	159.65.128.0   	159.65.191.255 	255.255.192.0  	16382	16384    	0.0.63.255
159.65.192.0/19   	159.65.192.0   	159.65.223.255 	255.255.224.0  	8190 	8192     	0.0.31.255
159.65.224.0/20   	159.65.224.0   	159.65.239.255 	255.255.240.0  	4094 	4096     	0.0.15.255
159.65.240.0/21   	159.65.240.0   	159.65.247.255 	255.255.248.0  	2046 	2048     	0.0.7.255
159.65.248.0/22   	159.65.248.0   	159.65.251.255 	255.255.252.0  	1022 	1024     	0.0.3.255
159.65.252.0/23   	159.65.252.0   	159.65.253.255 	255.255.254.0  	510  	512      	0.0.1.255
159.65.254.0/24   	159.65.254.0   	159.65.254.255 	255.255.255.0  	254  	256      	0.0.0.255
159.65.255.0/25   	159.65.255.0   	159.65.255.127 	255.255.255.128	126  	128      	0.0.0.127
159.65.255.128/26 	159.65.255.128 	159.65.255.191 	255.255.255.192	62   	64       	0.0.0.63
159.65.255.192/27 	159.65.255.192 	159.65.255.223 	255.255.255.224	30   	32       	0.0.0.31
159.65.255.224/28 	159.65.255.224 	159.65.255.239 	255.255.255.240	14   	16       	0.0.0.15
159.65.255.240/29 	159.65.255.240 	159.65.255.247 	255.255.255.248	6    	8        	0.0.0.7
159.65.255.248/30 	159.65.255.248 	159.65.255.251 	255.255.255.252	2    	4        	0.0.0.3
159.65.255.252/31 	159.65.255.252 	159.65.255.253 	255.255.255.254	2    	2        	0.0.0.1
159.65.255.254/32 	159.65.255.254 	159.65.255.254 	255.255.255.255	1    	1        	0.0.0.0
159.65.255.255/32 	159.65.255.255 	159.65.255.255 	255.255.255.255	1    	1        	0.0.0.0
157.230.0.0/17    	157.230.0.0    	157.230.127.255	255.255.128.0  	32766	32768    	0.0.127.255
157.230.128.0/18  	157.230.128.0  	157.230.191.255	255.255.192.0  	16382	16384    	0.0.63.255
157.230.192.0/19  	157.230.192.0  	157.230.223.255	255.255.224.0  	8190 	8192     	0.0.31.255
157.230.224.0/20  	157.230.224.0  	157.230.239.255	255.255.240.0  	4094 	4096     	0.0.15.255
157.230.240.0/21  	157.230.240.0  	157.230.247.255	255.255.248.0  	2046 	2048     	0.0.7.255
157.230.248.0/22  	157.230.248.0  	157.230.251.255	255.255.252.0  	1022 	1024     	0.0.3.255
157.230.252.0/23  	157.230.252.0  	157.230.253.255	255.255.254.0  	510  	512      	0.0.1.255
157.230.254.0/24  	157.230.254.0  	157.230.254.255	255.255.255.0  	254  	256      	0.0.0.255
157.230.255.0/25  	157.230.255.0  	157.230.255.127	255.255.255.128	126  	128      	0.0.0.127
157.230.255.128/26	157.230.255.128	157.230.255.191	255.255.255.192	62   	64       	0.0.0.63
157.230.255.192/27	157.230.255.192	157.230.255.223	255.255.255.224	30   	32       	0.0.0.31
157.230.255.224/28	157.230.255.224	157.230.255.239	255.255.255.240	14   	16       	0.0.0.15
157.230.255.240/29	157.230.255.240	157.230.255.247	255.255.255.248	6    	8        	0.0.0.7
157.230.255.248/30	157.230.255.248	157.230.255.251	255.255.255.252	2    	4        	0.0.0.3
157.230.255.252/31	157.230.255.252	157.230.255.253	255.255.255.254	2    	2        	0.0.0.1
157.230.255.254/32	157.230.255.254	157.230.255.254	255.255.255.255	1    	1        	0.0.0.0
157.230.255.255/32	157.230.255.255	157.230.255.255	255.255.255.255	1    	1        	0.0.0.0
198.232.147.0/25  	198.232.147.0  	198.232.147.127	255.255.255.128	126  	128      	0.0.0.127
198.232.147.128/26	198.232.147.128	198.232.147.191	255.255.255.192	62   	64       	0.0.0.63
198.232.147.192/27	198.232.147.192	198.232.147.223	255.255.255.224	30   	32       	0.0.0.31
198.232.147.224/28	198.232.147.224	198.232.147.239	255.255.255.240	14   	16       	0.0.0.15
198.232.147.240/29	198.232.147.240	198.232.147.247	255.255.255.248	6    	8        	0.0.0.7
198.232.147.248/30	198.232.147.248	198.232.147.251	255.255.255.252	2    	4        	0.0.0.3
198.232.147.252/31	198.232.147.252	198.232.147.253	255.255.255.254	2    	2        	0.0.0.1
198.232.147.254/32	198.232.147.254	198.232.147.254	255.255.255.255	1    	1        	0.0.0.0
198.232.147.255/32	198.232.147.255	198.232.147.255	255.255.255.255	1    	1        	0.0.0.0
209.38.0.0/17     	209.38.0.0     	209.38.127.255 	255.255.128.0  	32766	32768    	0.0.127.255
209.38.128.0/18   	209.38.128.0   	209.38.191.255 	255.255.192.0  	16382	16384    	0.0.63.255
209.38.192.0/19   	209.38.192.0   	209.38.223.255 	255.255.224.0  	8190 	8192     	0.0.31.255
209.38.224.0/20   	209.38.224.0   	209.38.239.255 	255.255.240.0  	4094 	4096     	0.0.15.255
209.38.240.0/21   	209.38.240.0   	209.38.247.255 	255.255.248.0  	2046 	2048     	0.0.7.255
209.38.248.0/22   	209.38.248.0   	209.38.251.255 	255.255.252.0  	1022 	1024     	0.0.3.255
209.38.252.0/23   	209.38.252.0   	209.38.253.255 	255.255.254.0  	510  	512      	0.0.1.255
209.38.254.0/24   	209.38.254.0   	209.38.254.255 	255.255.255.0  	254  	256      	0.0.0.255
209.38.255.0/25   	209.38.255.0   	209.38.255.127 	255.255.255.128	126  	128      	0.0.0.127
209.38.255.128/26 	209.38.255.128 	209.38.255.191 	255.255.255.192	62   	64       	0.0.0.63
209.38.255.192/27 	209.38.255.192 	209.38.255.223 	255.255.255.224	30   	32       	0.0.0.31
209.38.255.224/28 	209.38.255.224 	209.38.255.239 	255.255.255.240	14   	16       	0.0.0.15
209.38.255.240/29 	209.38.255.240 	209.38.255.247 	255.255.255.248	6    	8        	0.0.0.7
209.38.255.248/30 	209.38.255.248 	209.38.255.251 	255.255.255.252	2    	4        	0.0.0.3
209.38.255.252/31 	209.38.255.252 	209.38.255.253 	255.255.255.254	2    	2        	0.0.0.1
209.38.255.254/32 	209.38.255.254 	209.38.255.254 	255.255.255.255	1    	1        	0.0.0.0
209.38.255.255/32 	209.38.255.255 	209.38.255.255 	255.255.255.255	1    	1        	0.0.0.0
152.42.128.0/18   	152.42.128.0   	152.42.191.255 	255.255.192.0  	16382	16384    	0.0.63.255
152.42.192.0/19   	152.42.192.0   	152.42.223.255 	255.255.224.0  	8190 	8192     	0.0.31.255
152.42.224.0/20   	152.42.224.0   	152.42.239.255 	255.255.240.0  	4094 	4096     	0.0.15.255
152.42.240.0/21   	152.42.240.0   	152.42.247.255 	255.255.248.0  	2046 	2048     	0.0.7.255
152.42.248.0/22   	152.42.248.0   	152.42.251.255 	255.255.252.0  	1022 	1024     	0.0.3.255
152.42.252.0/23   	152.42.252.0   	152.42.253.255 	255.255.254.0  	510  	512      	0.0.1.255
152.42.254.0/24   	152.42.254.0   	152.42.254.255 	255.255.255.0  	254  	256      	0.0.0.255
152.42.255.0/25   	152.42.255.0   	152.42.255.127 	255.255.255.128	126  	128      	0.0.0.127
152.42.255.128/26 	152.42.255.128 	152.42.255.191 	255.255.255.192	62   	64       	0.0.0.63
152.42.255.192/27 	152.42.255.192 	152.42.255.223 	255.255.255.224	30   	32       	0.0.0.31
152.42.255.224/28 	152.42.255.224 	152.42.255.239 	255.255.255.240	14   	16       	0.0.0.15
152.42.255.240/29 	152.42.255.240 	152.42.255.247 	255.255.255.248	6    	8        	0.0.0.7
152.42.255.248/30 	152.42.255.248 	152.42.255.251 	255.255.255.252	2    	4        	0.0.0.3
152.42.255.252/31 	152.42.255.252 	152.42.255.253 	255.255.255.254	2    	2        	0.0.0.1
152.42.255.254/32 	152.42.255.254 	152.42.255.254 	255.255.255.255	1    	1        	0.0.0.0
152.42.255.255/32 	152.42.255.255 	152.42.255.255 	255.255.255.255	1    	1        	0.0.0.0
134.199.128.0/18  	134.199.128.0  	134.199.191.255	255.255.192.0  	16382	16384    	0.0.63.255
134.199.192.0/19  	134.199.192.0  	134.199.223.255	255.255.224.0  	8190 	8192     	0.0.31.255
134.199.224.0/20  	134.199.224.0  	134.199.239.255	255.255.240.0  	4094 	4096     	0.0.15.255
134.199.240.0/21  	134.199.240.0  	134.199.247.255	255.255.248.0  	2046 	2048     	0.0.7.255
134.199.248.0/22  	134.199.248.0  	134.199.251.255	255.255.252.0  	1022 	1024     	0.0.3.255
134.199.252.0/23  	134.199.252.0  	134.199.253.255	255.255.254.0  	510  	512      	0.0.1.255
134.199.254.0/24  	134.199.254.0  	134.199.254.255	255.255.255.0  	254  	256      	0.0.0.255
134.199.255.0/25  	134.199.255.0  	134.199.255.127	255.255.255.128	126  	128      	0.0.0.127
134.199.255.128/26	134.199.255.128	134.199.255.191	255.255.255.192	62   	64       	0.0.0.63
134.199.255.192/27	134.199.255.192	134.199.255.223	255.255.255.224	30   	32       	0.0.0.31
134.199.255.224/28	134.199.255.224	134.199.255.239	255.255.255.240	14   	16       	0.0.0.15
134.199.255.240/29	134.199.255.240	134.199.255.247	255.255.255.248	6    	8        	0.0.0.7
134.199.255.248/30	134.199.255.248	134.199.255.251	255.255.255.252	2    	4        	0.0.0.3
134.199.255.252/31	134.199.255.252	134.199.255.253	255.255.255.254	2    	2        	0.0.0.1
134.199.255.254/32	134.199.255.254	134.199.255.254	255.255.255.255	1    	1        	0.0.0.0
134.199.255.255/32	134.199.255.255	134.199.255.255	255.255.255.255	1    	1        	0.0.0.0
24.144.64.0/19    	24.144.64.0    	24.144.95.255  	255.255.224.0  	8190 	8192     	0.0.31.255
24.144.96.0/20    	24.144.96.0    	24.144.111.255 	255.255.240.0  	4094 	4096     	0.0.15.255
24.144.112.0/21   	24.144.112.0   	24.144.119.255 	255.255.248.0  	2046 	2048     	0.0.7.255
24.144.120.0/22   	24.144.120.0   	24.144.123.255 	255.255.252.0  	1022 	1024     	0.0.3.255
24.144.124.0/23   	24.144.124.0   	24.144.125.255 	255.255.254.0  	510  	512      	0.0.1.255
24.144.126.0/24   	24.144.126.0   	24.144.126.255 	255.255.255.0  	254  	256      	0.0.0.255
24.144.127.0/25   	24.144.127.0   	24.144.127.127 	255.255.255.128	126  	128      	0.0.0.127
24.144.127.128/26 	24.144.127.128 	24.144.127.191 	255.255.255.192	62   	64       	0.0.0.63
24.144.127.192/27 	24.144.127.192 	24.144.127.223 	255.255.255.224	30   	32       	0.0.0.31
24.144.127.224/28 	24.144.127.224 	24.144.127.239 	255.255.255.240	14   	16       	0.0.0.15
24.144.127.240/29 	24.144.127.240 	24.144.127.247 	255.255.255.248	6    	8        	0.0.0.7
24.144.127.248/30 	24.144.127.248 	24.144.127.251 	255.255.255.252	2    	4        	0.0.0.3
24.144.127.252/31 	24.144.127.252 	24.144.127.253 	255.255.255.254	2    	2        	0.0.0.1
24.144.127.254/32 	24.144.127.254 	24.144.127.254 	255.255.255.255	1    	1        	0.0.0.0
24.144.127.255/32 	24.144.127.255 	24.144.127.255 	255.255.255.255	1    	1        	0.0.0.0
64.226.64.0/19    	64.226.64.0    	64.226.95.255  	255.255.224.0  	8190 	8192     	0.0.31.255
64.226.96.0/20    	64.226.96.0    	64.226.111.255 	255.255.240.0  	4094 	4096     	0.0.15.255
64.226.112.0/21   	64.226.112.0   	64.226.119.255 	255.255.248.0  	2046 	2048     	0.0.7.255
64.226.120.0/22   	64.226.120.0   	64.226.123.255 	255.255.252.0  	1022 	1024     	0.0.3.255
64.226.124.0/23   	64.226.124.0   	64.226.125.255 	255.255.254.0  	510  	512      	0.0.1.255
64.226.126.0/24   	64.226.126.0   	64.226.126.255 	255.255.255.0  	254  	256      	0.0.0.255
64.226.127.0/25   	64.226.127.0   	64.226.127.127 	255.255.255.128	126  	128      	0.0.0.127
64.226.127.128/26 	64.226.127.128 	64.226.127.191 	255.255.255.192	62   	64       	0.0.0.63
64.226.127.192/27 	64.226.127.192 	64.226.127.223 	255.255.255.224	30   	32       	0.0.0.31
64.226.127.224/28 	64.226.127.224 	64.226.127.239 	255.255.255.240	14   	16       	0.0.0.15
64.226.127.240/29 	64.226.127.240 	64.226.127.247 	255.255.255.248	6    	8        	0.0.0.7
64.226.127.248/30 	64.226.127.248 	64.226.127.251 	255.255.255.252	2    	4        	0.0.0.3
64.226.127.252/31 	64.226.127.252 	64.226.127.253 	255.255.255.254	2    	2        	0.0.0.1
64.226.127.254/32 	64.226.127.254 	64.226.127.254 	255.255.255.255	1    	1        	0.0.0.0
64.226.127.255/32 	64.226.127.255 	64.226.127.255 	255.255.255.255	1    	1        	0.0.0.0
64.23.128.0/18    	64.23.128.0    	64.23.191.255  	255.255.192.0  	16382	16384    	0.0.63.255
64.23.192.0/19    	64.23.192.0    	64.23.223.255  	255.255.224.0  	8190 	8192     	0.0.31.255
64.23.224.0/20    	64.23.224.0    	64.23.239.255  	255.255.240.0  	4094 	4096     	0.0.15.255
64.23.240.0/21    	64.23.240.0    	64.23.247.255  	255.255.248.0  	2046 	2048     	0.0.7.255
64.23.248.0/22    	64.23.248.0    	64.23.251.255  	255.255.252.0  	1022 	1024     	0.0.3.255
64.23.252.0/23    	64.23.252.0    	64.23.253.255  	255.255.254.0  	510  	512      	0.0.1.255
64.23.254.0/24    	64.23.254.0    	64.23.254.255  	255.255.255.0  	254  	256      	0.0.0.255
64.23.255.0/25    	64.23.255.0    	64.23.255.127  	255.255.255.128	126  	128      	0.0.0.127
64.23.255.128/26  	64.23.255.128  	64.23.255.191  	255.255.255.192	62   	64       	0.0.0.63
64.23.255.192/27  	64.23.255.192  	64.23.255.223  	255.255.255.224	30   	32       	0.0.0.31
64.23.255.224/28  	64.23.255.224  	64.23.255.239  	255.255.255.240	14   	16       	0.0.0.15
64.23.255.240/29  	64.23.255.240  	64.23.255.247  	255.255.255.248	6    	8        	0.0.0.7
64.23.255.248/30  	64.23.255.248  	64.23.255.251  	255.255.255.252	2    	4        	0.0.0.3
64.23.255.252/31  	64.23.255.252  	64.23.255.253  	255.255.255.254	2    	2        	0.0.0.1
64.23.255.254/32  	64.23.255.254  	64.23.255.254  	255.255.255.255	1    	1        	0.0.0.0
64.23.255.255/32  	64.23.255.255  	64.23.255.255  	255.255.255.255	1    	1        	0.0.0.0
24.199.64.0/19    	24.199.64.0    	24.199.95.255  	255.255.224.0  	8190 	8192     	0.0.31.255
24.199.96.0/20    	24.199.96.0    	24.199.111.255 	255.255.240.0  	4094 	4096     	0.0.15.255
24.199.112.0/21   	24.199.112.0   	24.199.119.255 	255.255.248.0  	2046 	2048     	0.0.7.255
24.199.120.0/22   	24.199.120.0   	24.199.123.255 	255.255.252.0  	1022 	1024     	0.0.3.255
24.199.124.0/23   	24.199.124.0   	24.199.125.255 	255.255.254.0  	510  	512      	0.0.1.255
24.199.126.0/24   	24.199.126.0   	24.199.126.255 	255.255.255.0  	254  	256      	0.0.0.255
24.199.127.0/25   	24.199.127.0   	24.199.127.127 	255.255.255.128	126  	128      	0.0.0.127
24.199.127.128/26 	24.199.127.128 	24.199.127.191 	255.255.255.192	62   	64       	0.0.0.63
24.199.127.192/27 	24.199.127.192 	24.199.127.223 	255.255.255.224	30   	32       	0.0.0.31
24.199.127.224/28 	24.199.127.224 	24.199.127.239 	255.255.255.240	14   	16       	0.0.0.15
24.199.127.240/29 	24.199.127.240 	24.199.127.247 	255.255.255.248	6    	8        	0.0.0.7
24.199.127.248/30 	24.199.127.248 	24.199.127.251 	255.255.255.252	2    	4        	0.0.0.3
24.199.127.252/31 	24.199.127.252 	24.199.127.253 	255.255.255.254	2    	2        	0.0.0.1
24.199.127.254/32 	24.199.127.254 	24.199.127.254 	255.255.255.255	1    	1        	0.0.0.0
24.199.127.255/32 	24.199.127.255 	24.199.127.255 	255.255.255.255	1    	1        	0.0.0.0
170.64.128.0/18   	170.64.128.0   	170.64.191.255 	255.255.192.0  	16382	16384    	0.0.63.255
170.64.192.0/19   	170.64.192.0   	170.64.223.255 	255.255.224.0  	8190 	8192     	0.0.31.255
170.64.224.0/20   	170.64.224.0   	170.64.239.255 	255.255.240.0  	4094 	4096     	0.0.15.255
170.64.240.0/21   	170.64.240.0   	170.64.247.255 	255.255.248.0  	2046 	2048     	0.0.7.255
170.64.248.0/22   	170.64.248.0   	170.64.251.255 	255.255.252.0  	1022 	1024     	0.0.3.255
170.64.252.0/23   	170.64.252.0   	170.64.253.255 	255.255.254.0  	510  	512      	0.0.1.255
170.64.254.0/24   	170.64.254.0   	170.64.254.255 	255.255.255.0  	254  	256      	0.0.0.255
170.64.255.0/25   	170.64.255.0   	170.64.255.127 	255.255.255.128	126  	128      	0.0.0.127
170.64.255.128/26 	170.64.255.128 	170.64.255.191 	255.255.255.192	62   	64       	0.0.0.63
170.64.255.192/27 	170.64.255.192 	170.64.255.223 	255.255.255.224	30   	32       	0.0.0.31
170.64.255.224/28 	170.64.255.224 	170.64.255.239 	255.255.255.240	14   	16       	0.0.0.15
170.64.255.240/29 	170.64.255.240 	170.64.255.247 	255.255.255.248	6    	8        	0.0.0.7
170.64.255.248/30 	170.64.255.248 	170.64.255.251 	255.255.255.252	2    	4        	0.0.0.3
170.64.255.252/31 	170.64.255.252 	170.64.255.253 	255.255.255.254	2    	2        	0.0.0.1
170.64.255.254/32 	170.64.255.254 	170.64.255.254 	255.255.255.255	1    	1        	0.0.0.0
170.64.255.255/32 	170.64.255.255 	170.64.255.255 	255.255.255.255	1    	1        	0.0.0.0
